-- phpMyAdmin SQL Dump
-- version 4.9.2
-- https://www.phpmyadmin.net/
--
-- Host: 127.0.0.1
-- Generation Time: Feb 25, 2020 at 02:12 AM
-- Server version: 10.4.10-MariaDB
-- PHP Version: 7.3.12

SET SQL_MODE = "NO_AUTO_VALUE_ON_ZERO";
SET AUTOCOMMIT = 0;
START TRANSACTION;
SET time_zone = "+00:00";


/*!40101 SET @OLD_CHARACTER_SET_CLIENT=@@CHARACTER_SET_CLIENT */;
/*!40101 SET @OLD_CHARACTER_SET_RESULTS=@@CHARACTER_SET_RESULTS */;
/*!40101 SET @OLD_COLLATION_CONNECTION=@@COLLATION_CONNECTION */;
/*!40101 SET NAMES utf8mb4 */;

--
-- Database: `clase`
--

-- --------------------------------------------------------

--
-- Table structure for table `bitacora`
--

CREATE TABLE `bitacora` (
  `id` int(11) NOT NULL,
  `usuario` varchar(10) COLLATE latin1_general_ci NOT NULL,
  `fecha` varchar(10) COLLATE latin1_general_ci NOT NULL,
  `hora` varchar(8) COLLATE latin1_general_ci NOT NULL,
  `ip` varchar(15) COLLATE latin1_general_ci NOT NULL,
  `nOpeCodigo` int(11) NOT NULL,
  `descripcion` varchar(300) COLLATE latin1_general_ci NOT NULL DEFAULT '0'
) ENGINE=MyISAM DEFAULT CHARSET=latin1 COLLATE=latin1_general_ci;

--
-- Dumping data for table `bitacora`
--

INSERT INTO `bitacora` (`id`, `usuario`, `fecha`, `hora`, `ip`, `nOpeCodigo`, `descripcion`) VALUES
(24438, 'YURQUIZO', '22/03/2016', '16:09:09', '127.0.0.1', 1, 'Ingreso al Sistema'),
(24439, 'YURQUIZO', '22/03/2016', '18:32:12', '127.0.0.1', 1, 'Ingreso al Sistema'),
(24440, 'YURQUIZO', '02/04/2016', '11:11:45', '127.0.0.1', 1, 'Ingreso al Sistema'),
(24441, 'YURQUIZO', '02/04/2016', '12:20:12', '127.0.0.1', 14, 'Salio del Campus Virtual'),
(24442, 'CURQUIZO', '02/04/2016', '12:20:47', '127.0.0.1', 14, 'Salio del Campus Virtual'),
(24443, '', '02/04/2016', '14:22:26', '127.0.0.1', 14, 'Salio del Campus Virtual'),
(24444, 'CURQUIZO', '02/04/2016', '14:23:06', '127.0.0.1', 14, 'Salio del Campus Virtual'),
(24445, 'YURQUIZO', '08/07/2017', '09:17:29', '::1', 14, 'Salio del Campus Virtual'),
(24446, 'CURQUIZO', '08/07/2017', '09:17:39', '::1', 1, 'Ingreso al Sistema'),
(24447, 'CURQUIZO', '08/07/2017', '09:19:24', '::1', 14, 'Salio del Campus Virtual'),
(24448, 'CURQUIZO', '08/07/2017', '09:19:34', '::1', 1, 'Ingreso al Sistema'),
(24449, 'CURQUIZO', '08/07/2017', '09:20:04', '::1', 14, 'Salio del Campus Virtual'),
(24450, 'CURQUIZO', '08/07/2017', '09:20:16', '::1', 1, 'Ingreso al Sistema'),
(24451, 'CURQUIZO', '08/07/2017', '09:20:25', '::1', 14, 'Salio del Campus Virtual'),
(24452, 'YURQUIZO', '08/07/2017', '09:20:34', '::1', 1, 'Ingreso al Sistema'),
(24453, 'YURQUIZO', '08/07/2017', '09:20:39', '::1', 1, 'Ingreso al Sistema'),
(24454, 'YURQUIZO', '08/07/2017', '09:23:47', '::1', 14, 'Salio del Campus Virtual'),
(24455, 'YURQUIZO', '19/06/2018', '15:17:29', '::1', 1, 'Ingreso al Sistema'),
(24456, 'ELY', '20/02/2020', '02:17:38', '::1', 1, 'Ingreso al Sistema'),
(24457, 'ELY', '20/02/2020', '02:18:17', '::1', 14, 'Salio del Campus Virtual'),
(24458, 'YURQUIZO', '20/02/2020', '02:18:49', '::1', 1, 'Ingreso al Sistema'),
(24459, 'YURQUIZO', '20/02/2020', '03:12:23', '::1', 14, 'Salio del Campus Virtual'),
(24460, 'ELY', '20/02/2020', '03:12:32', '::1', 1, 'Ingreso al Sistema'),
(24461, 'ELY', '21/02/2020', '15:22:37', '::1', 1, 'Ingreso al Sistema'),
(24462, 'ELY', '22/02/2020', '17:30:27', '::1', 1, 'Ingreso al Sistema'),
(24463, 'ELY', '22/02/2020', '17:37:54', '::1', 1, 'Ingreso al Sistema'),
(24464, 'ELY', '22/02/2020', '18:21:28', '::1', 1, 'Ingreso al Sistema'),
(24465, 'ELY', '25/02/2020', '00:31:22', '::1', 1, 'Ingreso al Sistema'),
(24466, 'ELY', '25/02/2020', '00:43:04', '::1', 1, 'Ingreso al Sistema'),
(24467, 'ELY', '25/02/2020', '00:50:04', '::1', 1, 'Ingreso al Sistema'),
(24468, 'ELY', '25/02/2020', '00:53:04', '::1', 1, 'Ingreso al Sistema'),
(24469, 'ELY', '25/02/2020', '01:12:36', '::1', 1, 'Ingreso al Sistema'),
(24470, 'ELY', '25/02/2020', '01:22:46', '::1', 1, 'Ingreso al Sistema'),
(24471, 'ELY', '25/02/2020', '01:35:07', '::1', 1, 'Ingreso al Sistema'),
(24472, 'ELY', '25/02/2020', '01:35:55', '::1', 1, 'Ingreso al Sistema');

-- --------------------------------------------------------

--
-- Table structure for table `constante`
--

CREATE TABLE `constante` (
  `nConCodigo` int(11) NOT NULL,
  `nConClase` int(11) NOT NULL,
  `cConDescripcion` varchar(100) NOT NULL,
  `cConValor` varchar(100) NOT NULL
) ENGINE=MyISAM DEFAULT CHARSET=latin1;

--
-- Dumping data for table `constante`
--

INSERT INTO `constante` (`nConCodigo`, `nConClase`, `cConDescripcion`, `cConValor`) VALUES
(1, 1, 'Tipo de Email', '0'),
(2, 1, 'Personal', '1'),
(3, 1, 'Laboral', '2'),
(4, 1, 'Del colegio', '3'),
(5, 1, 'Otro', '5'),
(6, 2, 'Tipos de Estado', '0'),
(7, 2, 'Activo', '1'),
(8, 2, 'Inactivo', '2'),
(9, 2, 'Eliminado', '3'),
(10, 3, 'Tipo de Telefono', '0'),
(11, 3, 'Fijo', '1'),
(12, 3, 'Movistar', '2'),
(13, 3, 'Claro', '3'),
(14, 3, 'Nextel', '4'),
(15, 3, 'Otro', '5'),
(16, 4, 'Tipo de Documento', '0'),
(17, 4, 'DNI', '1'),
(18, 4, 'Partida de Nacimiento', '2'),
(19, 4, 'Libreta Militar', '3'),
(20, 4, 'Carnet de Extrangeria', '4'),
(21, 5, 'Tipo de Asignatura', '0'),
(22, 5, 'Obligatoria', '1'),
(23, 5, 'Taller', '2'),
(24, 6, 'Tipo de Matricula', '0'),
(25, 6, 'Web', '1'),
(26, 6, 'Oficina', '2'),
(27, 5, 'Apoyo', '3'),
(28, 7, 'Tipo de Direccion', '0'),
(29, 7, 'De Casa', '1'),
(30, 7, 'De Trabajo', '2'),
(31, 8, 'Tipo de Periodo', '0'),
(32, 8, 'Periodo Actual', '1'),
(33, 8, 'Matricula', '2'),
(40, 8, 'Programaci&oacute;n Acad&eacute;mica', '3'),
(36, 8, 'Notas - Primera Unidad', '4'),
(37, 8, 'Notas - Segunda Unidad', '5'),
(38, 8, 'Notas - Tercera Unidad', '6'),
(39, 8, 'Notas - Cuarta Unidad', '7'),
(41, 8, 'Notas - Quinta Unidad', '8'),
(42, 8, 'Notas - Sexta Unidad', '9'),
(43, 8, 'Notas - Septima Unidad', '10'),
(44, 8, 'Notas - Octava Unidad', '11'),
(45, 9, 'Estado Chat', '0'),
(46, 9, 'Disponible', '1'),
(47, 9, 'Ocupado', '2'),
(48, 9, 'Invisible', '3'),
(49, 9, 'Cerrar Chat', '4');

-- --------------------------------------------------------

--
-- Table structure for table `direccion`
--

CREATE TABLE `direccion` (
  `nPerCodigo` int(11) NOT NULL,
  `cDirDescripcion` varchar(200) NOT NULL,
  `nDirPais` int(11) NOT NULL DEFAULT 2241,
  `nDirDepartamento` int(11) NOT NULL,
  `nDirProvincia` int(11) NOT NULL,
  `nDirDistrito` int(11) NOT NULL,
  `nDirTipo` int(1) NOT NULL DEFAULT 29,
  `nDirEstado` int(1) NOT NULL
) ENGINE=MyISAM DEFAULT CHARSET=latin1;

--
-- Dumping data for table `direccion`
--

INSERT INTO `direccion` (`nPerCodigo`, `cDirDescripcion`, `nDirPais`, `nDirDepartamento`, `nDirProvincia`, `nDirDistrito`, `nDirTipo`, `nDirEstado`) VALUES
(1723, 'SU CASA EN SU CASA FAVORITA NUEVA', 2241, 13, 1, 1, 29, 7);

-- --------------------------------------------------------

--
-- Table structure for table `documento`
--

CREATE TABLE `documento` (
  `nPerCodigo` int(11) NOT NULL,
  `cDocDescripcion` varchar(50) NOT NULL,
  `nDocTipo` int(1) NOT NULL,
  `nDocEstado` int(1) NOT NULL DEFAULT 7
) ENGINE=MyISAM DEFAULT CHARSET=latin1;

--
-- Dumping data for table `documento`
--

INSERT INTO `documento` (`nPerCodigo`, `cDocDescripcion`, `nDocTipo`, `nDocEstado`) VALUES
(1723, '13131313', 17, 7);

-- --------------------------------------------------------

--
-- Table structure for table `email`
--

CREATE TABLE `email` (
  `nPerCodigo` int(11) NOT NULL,
  `cMaiDescripcion` varchar(100) NOT NULL,
  `nMaitipo` int(1) NOT NULL,
  `nMaiEstado` int(1) NOT NULL DEFAULT 7
) ENGINE=MyISAM DEFAULT CHARSET=latin1;

--
-- Dumping data for table `email`
--

INSERT INTO `email` (`nPerCodigo`, `cMaiDescripcion`, `nMaitipo`, `nMaiEstado`) VALUES
(1723, 'PRUEBA111@PRUEBA.COM', 3, 7);

-- --------------------------------------------------------

--
-- Table structure for table `eventos`
--

CREATE TABLE `eventos` (
  `id` int(11) NOT NULL,
  `titulo` varchar(255) COLLATE latin1_general_ci NOT NULL DEFAULT '',
  `cuerpo` longtext COLLATE latin1_general_ci NOT NULL,
  `imagen` varchar(100) COLLATE latin1_general_ci NOT NULL DEFAULT 'sf.jpg',
  `principal` int(1) NOT NULL DEFAULT 0,
  `mostrar` int(11) NOT NULL DEFAULT 1,
  `fecha` varchar(15) COLLATE latin1_general_ci NOT NULL DEFAULT ''
) ENGINE=MyISAM DEFAULT CHARSET=latin1 COLLATE=latin1_general_ci;

--
-- Dumping data for table `eventos`
--

INSERT INTO `eventos` (`id`, `titulo`, `cuerpo`, `imagen`, `principal`, `mostrar`, `fecha`) VALUES
(3, 'VIERNES CULTURALES', 'Todos los viernes con el objetivo de incentivar el arte, La Casa de La Cultura de Paijan organiza los Viernes Culturales.<p>\r\nEn la cual participan todas las Instituciones Educativas de nuestro medio para fortalecer el patrimonio cultural de nuestra localidad.<p>\r\nY el Instituto Superior Tecnologico Paijan no puede estar ajeno a esta invitacion tan importante y lo hace a traves de la participacion activa de los talleres de musica, canto y danza de nuestra institucion.<p>\r\nLa participacion de nuestro instituto es segun cronograma que plantea los organizadores de la Casa de la Cultura y proximamente estremos publicandolo para todos ustedes.<p>\r\nLos Viernes Culturales se desarrollan en la Casa de la Cultura de nuestra Comunidad de Paijan a las 6 pm.<p>\r\nSe invita a toda la comunidad estudiantil a participar en tan importante evento.', 'musica.jpg', 0, 1, '06/11/06'),
(2, 'CURSO DE ESCUELA PARA PADRES', 'En el presente mes se estara realizando el Primer Curso Taller de Escuela para padres con el objetivo de cimentar la corresponsabilidad entre?los autores educativos y la comunidad.<p>\r\nEste Taller busca la interaccion entre padres e hijos para el manejo emocional y de relacion intrafamiliar en un ambiente de armonia y de paz.<p>\r\nMayores informes Jefatura de Asuntos Estudiantiles y Tutoria del ISTP Paijan.', 'escuela.jpg', 0, 1, '10/09/2006'),
(7, 'FELICIDADES A TODAS LAS MADRES', '<p>Este viernes 11 del presente en el Instituto Superior Tecnologico PÃƒÂºblico de Paijan estaremos celebrando el dÃƒÂ­a de la Madre.</p>\r\n<p>No podrÃƒÂ­amos dejar pasar de largo este dia tan especial para un ser tan especial como es la madre, pues Una madre no es una persona en la que pueda apoyarse, sino una   persona que hace que no necesite apoyarse en nadie.</p>\r\n<p>Aqui estan algunas de las actividades a desarrollar:</p>\r\n<p>- ElaboraciÃƒÂ³n y distribuciÃƒÂ³n de tarjetas de invitaciÃƒÂ³n a las madres en su dÃƒÂ­a.</p>\r\n<p>- Entrega de una tarjeta postal y una flor por parte de los alumnos.</p>\r\n<p>- Paraliturgia de acciÃƒÂ³n de gracias realizada por el PÃƒÂ¡rroco del distrito de PaijÃƒÂ¡n.</p>\r\n<p>- RecepciÃƒÂ³n y bienvenida a las madres por parte de los alumnos.</p>\r\n<p>- Programa Cultural Central:</p>\r\n<p> Ã‚Â Ã‚Â Ã‚Â *CoordinaciÃƒÂ³n asuntos estudiantiles</p>\r\n<p> Ã‚Â Ã‚Â Ã‚Â * Talleres de FormaciÃƒÂ³n ArtÃƒÂ­stica</p>\r\n<p>- PresentaciÃƒÂ³n y participaciÃƒÂ³n de nÃƒÂºmeros artÃƒÂ­sticos.</p>\r\n<p>ParticipaciÃƒÂ³n del Taller de Danzas:</p>\r\n<p> Ã‚Â Ã‚Â Ã‚Â * Danza de la selva</p>\r\n<p> Ã‚Â Ã‚Â Ã‚Â * Contra danza</p>\r\n<p> Ã‚Â Ã‚Â Ã‚Â * EscenificaciÃƒÂ³n</p>\r\n<p>- Agape y agasajo a las madres por parte de la InstituciÃƒÂ³n.</p>\r\n<p>Asi que los invitamos a participar de este fabuloso acontecimiento el dia viernes desde las 3 pm</p>\r\n<p><strong>Felicidades a todas las Madres, en forma especial a la Madre de PaijÃƒÂ¡n... </strong></p>', 'diadelamadre.jpg', 0, 1, '07/05/09'),
(8, 'CAMPA&Ntilde;A DE LIMPIEZA', '<p>Este S&aacute;bado 19 de mayo como inicio de las celebraciones de la semana del <strong>Cachimbo 2007</strong> en el Instituto Superior Tecnol&oacute;gico Paij&aacute;n, se estar&aacute; llevando a cabo una campa&ntilde;a de limpieza a nivel institucional.</p>\r\n<p>En dicha campa&ntilde;a estar&aacute;n participando todos los alumnos de nuestra prestigiosa instituci&oacute;n junto al personal docente, administrativo y de limpieza.</p>\r\n<p>Asi que no te olvides este s&aacute;bado 16 de mayo <u><strong>Ven y Participa</strong></u> de esta actividad tan importante para nuestra instituci&oacute;n.   </p>', 'campana_limpieza_peq.jpg', 0, 1, '07/05/16'),
(9, 'ACTIVIDAD BAILABLE', '<p>Este S&aacute;bado 19 de mayo como inicio de las celebraciones de la semana del <strong>Cachimbo 2007</strong> en el Instituto Superior Tecnol&oacute;gico Paij&aacute;n, se estar&aacute; llevando a cabo una <strong>Pollada Bailable</strong>.</p>\r\n<p>Dicha actividad se realiza con el objetivo de recaudar fondos para autofinanciar las actividades programadas en la celebraci&oacute;n del Cachimbo 2007.</p>\r\n<p>Asi que Ay&uacute;danos y participa de esta fant&aacute;stica actividad que ser&aacute; este s&aacute;bado desde la 1 pm  en las instalaciones de nuestra instituci&oacute;n (IST Paij&aacute;n), ubicada en Panamericana Norte Km 624 Carretera a Paij&aacute;n.</p>', 'cuyes.jpg', 0, 1, '07/05/16'),
(11, 'PARTICIPACION EN CORPUS CHRISTI', '<p>Los alumnos del ISTP. Paijan participarÃƒÂ¡n en la Fiesta Espiritual de la <strong>ConsagraciÃƒÂ³n del Corpus Christi</strong> al celebrarse el domingo 9 del presente mes.</p>\r\n<p>La Misa EucarÃƒÂ­stica se llevarÃƒÂ¡ a cabo en el Templo San Salvador de PaijÃƒÂ¡n a las 11 am del 9 de junio. Participando la comunidad estudiantil en las carreras profesionales de: ComputaciÃƒÂ³n e InformÃƒÂ¡tica, Agropecuaria y EnfermerÃƒÂ­a.</p>\r\n<p>Asimismo el Instituto PaijÃƒÂ¡n presentarÃƒÂ¡ una <strong>Alfonbra</strong> para el paseo procesional de la Santa EucaristÃƒÂ­a.  </p>\r\n<p>Los invitamos cordialmente a participar en esta Fiesta Espiritual del encuentro con Jesus EucaristÃƒÂ­a. </p>', 'campana_limpieza_peq.jpg', 0, 0, '07/06/04'),
(10, 'ISTP PAIJAN PRESENTE EN LA III FERIA REGIONAL 2007', '<p>En el marco de la III Feria Regional Agroindustrial, Agropecuaria y Turismo Paijan 2007 a realizarce los dias 01 al 08 de Junio  del presente aÃƒÂ±o, la InstituciÃƒÂ³n se hace presente con nÃƒÂºmero artÃƒÂ­sticos a cargo del Taller de MÃƒÂºsica del Instituto Paijan. </p>\r\n<p>Nuestra participaciÃƒÂ³n serÃƒÂ¡ a traves del Grupo FolklÃƒÂ³rico y de la PeÃƒÂ±a Criolla.</p>\r\n<p>Los invitamos a participar de estas actividades que se realizarÃƒÂ¡n en La Casa de la Cultura de Paijan a partir de las 5 pm.  </p>', 'campana_limpieza_peq.jpg', 0, 1, '07/05/30'),
(12, 'Nuevo Evento', 'Este es un nuevo evento que se visualizara para que podamos ver el ejemplo.<br>\r\nPor eso esta es una nueva linea en el evento antes mensionado', 'ADS.jpg', 1, 1, '09/10/08');

-- --------------------------------------------------------

--
-- Table structure for table `noticia`
--

CREATE TABLE `noticia` (
  `id` int(11) NOT NULL,
  `titulo` varchar(100) NOT NULL DEFAULT '',
  `cuerpo` longtext NOT NULL,
  `principal` char(1) NOT NULL DEFAULT '0',
  `imagen` varchar(100) NOT NULL DEFAULT ''
) ENGINE=MyISAM DEFAULT CHARSET=latin1;

--
-- Dumping data for table `noticia`
--

INSERT INTO `noticia` (`id`, `titulo`, `cuerpo`, `principal`, `imagen`) VALUES
(1, 'CURSO DE ESCUELA PARA PADRES', 'En el presente mes se estara realizando el Primer Curso Taller de Escuela para padres con el objetivo de cimentar la corresponsabilidad entre los autores educativos y la comunidad.\nEste Taller busca la interaccion entre padres e hijos para el manejo emocional y de relacion intrafamiliar en un ambiente de armonia y de paz.<p>\nMayores informes Jefatura de Asuntos Estudiantiles y Tutoria del ISTP Paijan\n', '1', 'escuela.jpg'),
(2, 'VIERNES CULTURALES', 'En el presente mes se estara realizando el Primer Curso Taller de Escuela para padres con el objetivo de cimentar la corresponsabilidad entre los autores educativos y la comunidad.\nEste Taller busca la interaccion entre padres e hijos para el manejo emocional y de relacion intrafamiliar en un ambiente de armonia y de paz.<p>\nMayores informes Jefatura de Asuntos Estudiantiles y Tutoria del ISTP Paijan', '0', 'musica.jpg');

-- --------------------------------------------------------

--
-- Table structure for table `opcion`
--

CREATE TABLE `opcion` (
  `nOpCodigo` int(11) NOT NULL,
  `cOpDescripcion` varchar(50) NOT NULL,
  `cOpRecurso` varchar(100) NOT NULL,
  `nApCodigo` int(11) NOT NULL,
  `nOpEstado` int(1) NOT NULL,
  `nOpDependencia` int(11) NOT NULL
) ENGINE=MyISAM DEFAULT CHARSET=latin1;

--
-- Dumping data for table `opcion`
--

INSERT INTO `opcion` (`nOpCodigo`, `cOpDescripcion`, `cOpRecurso`, `nApCodigo`, `nOpEstado`, `nOpDependencia`) VALUES
(1, 'Mantenimiento', '#', 2, 7, 0),
(2, 'Personas', 'cargarpg(\'persona.php\');', 2, 7, 1),
(3, 'Pagos', 'verpagos(\'verpagos.php\');', 2, 7, 1),
(4, 'Apoderados', 'verapoderados(\'apoderados.php\');', 2, 7, 1),
(5, 'Usuarios / Permisos', 'verusuarios(\'verusuarios.php\');', 2, 7, 1),
(6, 'Periodos', 'verperiodo(\'periodo.php\');', 2, 7, 1),
(7, 'Programar', '#', 2, 7, 0),
(8, 'Carga Academica', 'vercarga(\'carga.php\');', 2, 7, 7),
(9, 'Horario', 'verhorario(\'horario.php\');', 2, 7, 7),
(10, 'Carga Docente', 'vercargadocente(\'cargadocente.php\');', 2, 7, 7),
(11, 'Registrar', '#', 2, 7, 0),
(12, 'Matricula', 'vermatricula(\'matricula.php\');', 2, 7, 11),
(13, 'Notas', 'cursosadmin(\'cursosadmin.php\');', 2, 7, 11),
(14, 'Reportes', '#', 2, 7, 0),
(16, 'Notas por Alumno', 'notasporalumno(\'notasporalumno.php\');', 2, 7, 14),
(17, 'Carga Auxiliar', 'vercargaauxiliar(\'cargaauxiliar.php\');', 2, 7, 7),
(18, 'Carga Tutor', 'vercargatutor(\'cargatutor.php\');', 2, 7, 7),
(19, 'Alumnas por Grado y Seccion', 'alumnasporgrado(\'alumnasporgrado.php\');', 2, 7, 14),
(20, 'Alumnas por Grado', 'alumnasporgrado(\'alumnasporgrado1.php\');', 2, 7, 14),
(21, 'Alumnas por Talleres Grado y Seccion', 'alumnasporgrado(\'alumnastalleres.php\');', 2, 7, 14),
(22, 'Area y Organizadores', 'alumnasporgrado(\'promorganizador.php\');', 2, 7, 14),
(23, 'Apoderado por Grado y Seccion', 'alumnasporgrado(\'apoderadogs.php\');', 2, 7, 14),
(24, 'Listado de Personal', 'alumnasporgrado(\'listadoper.php\');', 2, 7, 14),
(25, 'Cambio de Taller', 'vercambiotaller(\'cambiotaller.php\');', 2, 7, 1),
(26, 'Matr&iacute;cula Extempor&aacute;nea', 'matex(\'matex.php\');', 2, 7, 11),
(27, 'Promedios Finales (IV Bimestre)', 'verpromedios(\'verpromedios.php\');', 2, 7, 14),
(28, 'Libretas de Notas', 'verlibretas(\'verlibretas.php\');', 2, 7, 14),
(29, 'Orden de Mérito', 'alumnasporgrado(\'ordenmerito.php\');', 2, 7, 14);

-- --------------------------------------------------------

--
-- Table structure for table `opciones_generales`
--

CREATE TABLE `opciones_generales` (
  `nOpGeCodigo` int(11) NOT NULL,
  `cOpGeDescripcion` varchar(100) NOT NULL,
  `cOpGeRecurso` varchar(100) NOT NULL,
  `nApCodigo` int(11) NOT NULL,
  `nPCodigo` int(11) NOT NULL,
  `nOpGeDependencia` int(11) NOT NULL,
  `nOpGeEstado` int(1) NOT NULL
) ENGINE=MyISAM DEFAULT CHARSET=latin1;

--
-- Dumping data for table `opciones_generales`
--

INSERT INTO `opciones_generales` (`nOpGeCodigo`, `cOpGeDescripcion`, `cOpGeRecurso`, `nApCodigo`, `nPCodigo`, `nOpGeDependencia`, `nOpGeEstado`) VALUES
(1, 'Reportes', '#', 1, 1, 0, 7),
(2, 'Notas', 'notaspadre(\'notaspadre.php\');', 1, 1, 1, 7),
(14, 'Definir Destrezas', 'destrezasauxiliar(\'seleccionabimestreauxiliar.php\');', 1, 4, 15, 7),
(5, 'Cambiar Clave', 'clave(\'clave.php\');', 1, 1, 0, 7),
(7, 'Cursos Asignados', '', 1, 3, 0, 7),
(8, 'Definir Destrezas', 'destrezas(\'seleccionaunidad.php\');', 1, 3, 7, 7),
(9, 'Registro de Notas', 'cursosasignados(\'cursosasignados.php\');', 1, 3, 7, 7),
(10, 'Reporte de Notas', 'reportesnotas(\'reportesnotas.php\');', 1, 3, 0, 7),
(12, 'Cambiar Clave', 'clave(\'clave.php\');', 1, 3, 0, 7),
(11, 'Asistencias', 'asistencias(\'asistencias.php\');', 1, 3, 0, 8),
(15, 'Secciones Asignadas', '#', 1, 4, 0, 7),
(16, 'Registro de Notas', 'seccionesasignadas(\'seccionesasignadas.php\');', 1, 4, 15, 7),
(17, 'Cambiar Clave ', 'clave(\'clave.php\');', 1, 4, 0, 7),
(18, 'Destrezas Tutor', 'destrezastutor(\'seleccionabimestretutor.php\');', 1, 5, 19, 7),
(19, 'Secciones Asignadas', '#', 1, 5, 0, 7),
(20, 'Notas Tutor', 'seccionesasignadastu(\'seccionesasignadastu.php\');', 1, 5, 19, 7),
(21, 'Cambiar Clave ', 'clave(\'clave.php\');', 1, 5, 0, 7),
(27, '----------------------------------', '', 1, 5, 19, 7),
(22, 'Reportes', '#', 1, 4, 0, 7),
(23, 'Notas de Comportamiento', 'listasecrepauxiliar(\'listasecrepauxiliar.php\');', 1, 4, 22, 7),
(28, 'Destrezas Padre', 'destrezaspadre(\'seleccionabimestrepadre.php\');', 1, 5, 19, 7),
(29, 'Notas Padre', 'seccionesasignadaspa(\'seccionesasignadaspa.php\');', 1, 5, 19, 7);

-- --------------------------------------------------------

--
-- Table structure for table `operacion`
--

CREATE TABLE `operacion` (
  `nOpeCodigo` int(11) NOT NULL,
  `cOpeDescripcion` varchar(100) COLLATE latin1_general_ci NOT NULL,
  `nOpeEstado` int(11) NOT NULL
) ENGINE=MyISAM DEFAULT CHARSET=latin1 COLLATE=latin1_general_ci;

--
-- Dumping data for table `operacion`
--

INSERT INTO `operacion` (`nOpeCodigo`, `cOpeDescripcion`, `nOpeEstado`) VALUES
(1, 'Ingreso al Campus Virtual', 7),
(2, 'Registrar de Notas', 7),
(3, 'Cambio de Clave', 7),
(4, 'Registro de Destrezas', 7),
(5, 'Ingreso de Nuevo Periodo', 7),
(6, 'Editar Periodo', 7),
(7, 'Editar Sub Periodo', 7),
(8, 'Ingreso de Sub Periodo', 7),
(9, 'Registro de Matricula', 7),
(10, 'Ingreso de Nueva Persona', 7),
(11, 'Programar Carga Academica', 7),
(12, 'Programar Horario', 7),
(13, 'Programar Carga Docente', 7),
(14, 'Cerrar Sesion', 7);

-- --------------------------------------------------------

--
-- Table structure for table `person`
--

CREATE TABLE `person` (
  `cdpersona` int(10) NOT NULL,
  `nombres` varchar(20) DEFAULT NULL,
  `fechana` varchar(10) DEFAULT NULL,
  `direccion` varchar(50) DEFAULT NULL,
  `nConCodigo` int(11) DEFAULT NULL,
  `nrodni` int(8) DEFAULT NULL,
  `nrotelefono` int(9) DEFAULT NULL,
  `mail` varchar(50) DEFAULT NULL,
  `oper` int(11) DEFAULT NULL,
  `cemail` int(11) DEFAULT NULL,
  `apellidos` varchar(30) DEFAULT NULL
) ENGINE=InnoDB DEFAULT CHARSET=utf8mb4;

--
-- Dumping data for table `person`
--

INSERT INTO `person` (`cdpersona`, `nombres`, `fechana`, `direccion`, `nConCodigo`, `nrodni`, `nrotelefono`, `mail`, `oper`, `cemail`, `apellidos`) VALUES
(1, 'EDUARDO', '1922-08-18', 'AVENIDA LA MARINA', 17, 71206919, 418223, 'gabo@g.com', 11, 2, 'ly ramos');

-- --------------------------------------------------------

--
-- Table structure for table `persona`
--

CREATE TABLE `persona` (
  `nPerCodigo` int(11) NOT NULL,
  `cPerApellido` varchar(100) NOT NULL,
  `cPerNombre` varchar(100) NOT NULL,
  `dPerNacimiento` date DEFAULT NULL,
  `cPerRnd` varchar(50) NOT NULL,
  `nPerEstado` varchar(1) NOT NULL DEFAULT '7',
  `direccion` varchar(50) DEFAULT NULL,
  `nConCodigo` int(11) DEFAULT NULL,
  `nrodni` int(8) DEFAULT NULL,
  `nrotelefono` int(9) DEFAULT NULL,
  `mail` varchar(50) DEFAULT NULL,
  `oper` int(11) DEFAULT NULL,
  `cemail` int(11) DEFAULT NULL
) ENGINE=MyISAM DEFAULT CHARSET=latin1;

--
-- Dumping data for table `persona`
--

INSERT INTO `persona` (`nPerCodigo`, `cPerApellido`, `cPerNombre`, `dPerNacimiento`, `cPerRnd`, `nPerEstado`, `direccion`, `nConCodigo`, `nrodni`, `nrotelefono`, `mail`, `oper`, `cemail`) VALUES
(1, 'URQUIZO GOMEZ', 'YOSIP', '1981-05-26', '', '7', NULL, NULL, NULL, NULL, NULL, NULL, NULL),
(1722, 'URQUIZO GOMEZ', 'CARLOS RAFAEL', '2016-04-04', '23432', '7', NULL, NULL, NULL, NULL, NULL, NULL, NULL),
(1723, 'URQUIZO GOMEZ', 'KMILA N', '2018-10-10', '8.700775412981594', '7', NULL, NULL, NULL, NULL, NULL, NULL, NULL),
(1724, 'ly ramos', 'eduardo', '1992-08-18', '2211', '7', NULL, NULL, NULL, NULL, NULL, NULL, NULL),
(1725, 'ly ramos', 'EDUARDO', '1992-08-18', '', '7', 'AVENIDA LA MARINA', 17, 71206919, 949128494, 'gabo@g.com', 11, 2),
(1726, 'nandito', 'GONZALES ORBEGOSO', '1992-08-18', ' ', '7', 'LAS NANDELIAS', 17, 71206924, 418223, 'Nandito@gmail.com', 11, 2),
(1727, 'juan diego', 'GONZALES FLORES', '1993-12-18', '', '7', 'BARRIO YORK', 17, 71258963, 4522552, 'jdiego@gmail.com', 11, 2);

-- --------------------------------------------------------

--
-- Table structure for table `persona_opcion`
--

CREATE TABLE `persona_opcion` (
  `nPerCodigo` int(11) NOT NULL,
  `nOpCodigo` int(11) NOT NULL,
  `nPerOpEstado` int(1) NOT NULL
) ENGINE=MyISAM DEFAULT CHARSET=latin1;

--
-- Dumping data for table `persona_opcion`
--

INSERT INTO `persona_opcion` (`nPerCodigo`, `nOpCodigo`, `nPerOpEstado`) VALUES
(1, 29, 7),
(1, 28, 7),
(1, 27, 7),
(1, 24, 7),
(1, 23, 7),
(1, 22, 7),
(1, 21, 7),
(1, 20, 7),
(1, 19, 7),
(1, 16, 7),
(1, 14, 7),
(1, 26, 7),
(1, 13, 7),
(1, 12, 7),
(1, 11, 7),
(1413, 1, 7),
(1413, 11, 7),
(1340, 13, 7),
(1340, 18, 7),
(1340, 11, 7),
(1340, 7, 7),
(1319, 17, 7),
(1319, 11, 7),
(1534, 1, 7),
(701, 13, 7),
(1319, 13, 7),
(1264, 29, 7),
(1029, 28, 7),
(1029, 27, 7),
(1029, 24, 7),
(1029, 23, 7),
(1029, 22, 7),
(1029, 21, 7),
(1029, 20, 7),
(1029, 19, 7),
(1029, 16, 7),
(1029, 14, 7),
(1029, 26, 7),
(1029, 13, 7),
(1029, 12, 7),
(1029, 11, 7),
(1029, 18, 7),
(1, 18, 7),
(701, 17, 7),
(1029, 17, 7),
(1261, 4, 7),
(1029, 10, 7),
(1, 17, 7),
(1261, 2, 7),
(1029, 9, 7),
(1, 10, 7),
(1, 9, 7),
(1, 8, 7),
(1258, 13, 7),
(35, 13, 7),
(35, 10, 7),
(1029, 8, 7),
(1029, 7, 7),
(1029, 25, 7),
(29, 27, 7),
(29, 24, 7),
(1, 7, 7),
(41, 13, 7),
(1029, 6, 7),
(1, 25, 7),
(45, 10, 7),
(1029, 5, 7),
(1, 6, 7),
(1048, 13, 7),
(1029, 4, 7),
(1, 5, 7),
(1, 1, 7),
(1256, 13, 7),
(1029, 3, 7),
(29, 23, 7),
(1, 4, 7),
(1536, 4, 7),
(1029, 2, 7),
(1147, 14, 7),
(1147, 27, 7),
(1147, 24, 7),
(1147, 22, 7),
(1039, 29, 7),
(1039, 28, 7),
(1039, 27, 7),
(1039, 24, 7),
(1039, 23, 7),
(1039, 20, 7),
(1039, 22, 7),
(1039, 21, 7),
(1039, 19, 7),
(1039, 26, 7),
(1039, 16, 7),
(1039, 14, 7),
(1039, 13, 7),
(1039, 12, 7),
(1039, 11, 7),
(1, 3, 7),
(1039, 18, 7),
(1536, 11, 7),
(1029, 1, 7),
(0, 0, 7),
(49, 1, 7),
(49, 2, 7),
(1147, 19, 7),
(1147, 20, 7),
(1147, 16, 7),
(1147, 13, 7),
(1145, 28, 7),
(1145, 16, 7),
(1147, 28, 7),
(1147, 23, 7),
(1147, 11, 7),
(1043, 13, 7),
(1145, 14, 7),
(1145, 11, 7),
(29, 22, 7),
(29, 21, 7),
(29, 20, 7),
(1046, 16, 7),
(29, 19, 7),
(29, 16, 7),
(29, 14, 7),
(29, 3, 7),
(1050, 16, 7),
(1050, 14, 7),
(29, 2, 7),
(29, 1, 7),
(1039, 17, 7),
(1049, 16, 7),
(1039, 10, 7),
(1039, 9, 7),
(1039, 8, 7),
(1048, 10, 7),
(1051, 11, 7),
(1051, 13, 7),
(1051, 14, 7),
(1051, 16, 7),
(1051, 19, 7),
(1051, 22, 7),
(1, 2, 7),
(29, 29, 7),
(31, 11, 7),
(1029, 29, 7),
(1039, 7, 7),
(1039, 25, 7),
(1039, 4, 7),
(1039, 6, 7),
(1039, 5, 7),
(1039, 2, 7),
(1039, 3, 7),
(1039, 1, 7),
(1247, 6, 7),
(1247, 1, 7),
(1247, 2, 7),
(1247, 4, 7),
(1247, 3, 7),
(1247, 5, 7),
(1247, 25, 7),
(1247, 7, 7),
(1247, 8, 7),
(1247, 9, 7),
(1247, 10, 7),
(1247, 17, 7),
(1247, 18, 7),
(1247, 11, 7),
(1247, 12, 7),
(1247, 13, 7),
(1247, 26, 7),
(1247, 14, 7),
(1247, 16, 7),
(1247, 19, 7),
(1247, 20, 7),
(1247, 21, 7),
(1247, 22, 7),
(1247, 23, 7),
(1247, 24, 7),
(1247, 27, 7),
(1247, 28, 7),
(1247, 29, 7),
(1248, 29, 7),
(1248, 28, 7),
(1248, 27, 7),
(1248, 23, 7),
(1248, 21, 7),
(1248, 24, 7),
(1248, 14, 7),
(1248, 22, 7),
(1248, 20, 7),
(1248, 19, 7),
(1248, 16, 7),
(1248, 26, 7),
(1248, 18, 7),
(1248, 17, 7),
(1248, 11, 7),
(1248, 12, 7),
(1248, 13, 7),
(1248, 10, 7),
(1248, 8, 7),
(1248, 9, 7),
(1248, 7, 7),
(1248, 25, 7),
(1248, 6, 7),
(1248, 1, 7),
(1248, 3, 7),
(1248, 4, 7),
(1248, 2, 7),
(1248, 5, 7),
(1548, 16, 7),
(1531, 13, 7),
(19, 1, 7),
(1528, 1, 7),
(1535, 1, 7),
(1249, 4, 7),
(1249, 2, 7),
(1249, 1, 7),
(1044, 26, 7),
(1044, 18, 7),
(1044, 13, 7),
(1044, 9, 7),
(1044, 11, 7),
(1044, 8, 7),
(1044, 12, 7),
(45, 13, 7),
(1529, 13, 7),
(1703, 3, 7),
(1703, 2, 7),
(1703, 1, 7),
(1552, 13, 7),
(1262, 13, 7),
(1251, 13, 7),
(1251, 10, 7),
(1252, 18, 7),
(1370, 16, 7),
(1168, 16, 7),
(1530, 14, 7),
(1533, 1, 7),
(1536, 2, 7),
(1536, 13, 7),
(1043, 2, 7),
(1043, 1, 7),
(1043, 4, 7),
(1537, 11, 7),
(1537, 13, 7),
(1537, 4, 7),
(1537, 28, 7),
(1537, 14, 7),
(1537, 2, 7),
(1537, 1, 7),
(1043, 14, 7),
(1043, 28, 7),
(1043, 11, 7),
(1536, 1, 7),
(1536, 14, 7),
(1536, 28, 7),
(1250, 19, 7),
(1250, 13, 7),
(1250, 11, 7),
(1413, 4, 7),
(1413, 2, 7),
(1413, 13, 7),
(1413, 14, 7),
(1413, 28, 7),
(1534, 11, 7),
(1534, 2, 7),
(1534, 4, 7),
(1534, 13, 7),
(1534, 14, 7),
(1534, 28, 7),
(1530, 28, 7),
(1530, 1, 7),
(1530, 4, 7),
(1530, 2, 7),
(1530, 11, 7),
(1530, 13, 7),
(1533, 2, 7),
(1533, 11, 7),
(1533, 4, 7),
(1533, 13, 7),
(1533, 28, 7),
(1533, 14, 7),
(1249, 14, 7),
(1249, 28, 7),
(1249, 11, 7),
(1249, 13, 7),
(1261, 11, 7),
(1261, 1, 7),
(1261, 13, 7),
(1261, 14, 7),
(1261, 28, 7),
(1535, 2, 7),
(1535, 4, 7),
(1535, 11, 7),
(1535, 13, 7),
(1535, 14, 7),
(1535, 28, 7),
(19, 2, 7),
(19, 4, 7),
(19, 11, 7),
(19, 13, 7),
(19, 14, 7),
(19, 28, 7),
(1528, 2, 7),
(1528, 4, 7),
(1528, 11, 7),
(1528, 13, 7),
(1528, 14, 7),
(1528, 28, 7),
(1703, 4, 7),
(1703, 5, 7),
(1703, 6, 7),
(1703, 25, 7),
(1703, 7, 7),
(1703, 8, 7),
(1703, 9, 7),
(1703, 10, 7),
(1703, 17, 7),
(1703, 18, 7),
(1703, 11, 7),
(1703, 12, 7),
(1703, 13, 7),
(1703, 26, 7),
(1703, 14, 7),
(1703, 16, 7),
(1703, 19, 7),
(1703, 20, 7),
(1703, 21, 7),
(1703, 22, 7),
(1703, 23, 7),
(1703, 24, 7),
(1703, 27, 7),
(1703, 28, 7),
(1703, 29, 7),
(899, 29, 7),
(899, 28, 7),
(899, 27, 7),
(899, 24, 7),
(899, 23, 7),
(899, 22, 7),
(899, 21, 7),
(899, 20, 7),
(899, 19, 7),
(899, 16, 7),
(899, 14, 7),
(1719, 1, 7),
(1719, 2, 7),
(1719, 3, 7),
(1719, 4, 7),
(1719, 5, 7),
(1719, 6, 7),
(1719, 25, 7),
(1719, 7, 7),
(1719, 8, 7),
(1719, 9, 7),
(1719, 10, 7),
(1719, 17, 7),
(1719, 18, 7),
(1719, 11, 7),
(1719, 12, 7),
(1719, 13, 7),
(1719, 26, 7),
(1719, 14, 7),
(1719, 16, 7),
(1719, 19, 7),
(1719, 20, 7),
(1719, 21, 7),
(1719, 22, 7),
(1719, 23, 7),
(1719, 24, 7),
(1719, 27, 7),
(1719, 28, 7),
(1719, 29, 7),
(1722, 1, 7),
(1722, 2, 7),
(1724, 3, 7),
(1724, 1, 7),
(1724, 2, 7),
(1724, 4, 7),
(1724, 5, 7),
(1724, 6, 7),
(1724, 25, 7),
(1724, 7, 7),
(1724, 8, 7),
(1724, 9, 7),
(1724, 10, 7),
(1724, 17, 7),
(1724, 18, 7),
(1724, 11, 7),
(1724, 12, 7),
(1724, 13, 7),
(1724, 26, 7),
(1724, 14, 7),
(1724, 16, 7),
(1724, 19, 7),
(1724, 20, 7),
(1724, 21, 7),
(1724, 22, 7),
(1724, 23, 7),
(1724, 24, 7),
(1724, 27, 7),
(1724, 28, 7),
(1724, 29, 7);

-- --------------------------------------------------------

--
-- Table structure for table `telefono`
--

CREATE TABLE `telefono` (
  `nPerCodigo` int(11) NOT NULL,
  `nTelCodigo` varchar(2) NOT NULL,
  `cTelDescripcion` varchar(50) NOT NULL,
  `nTelTipo` int(11) NOT NULL,
  `nTelEstado` int(11) NOT NULL DEFAULT 7
) ENGINE=MyISAM DEFAULT CHARSET=latin1;

--
-- Dumping data for table `telefono`
--

INSERT INTO `telefono` (`nPerCodigo`, `nTelCodigo`, `cTelDescripcion`, `nTelTipo`, `nTelEstado`) VALUES
(1723, '', '999999999', 13, 7);

-- --------------------------------------------------------

--
-- Table structure for table `ubigeo`
--

CREATE TABLE `ubigeo` (
  `nUbiId` int(11) NOT NULL,
  `nPaiId` int(11) NOT NULL,
  `cUbiIdDepartamento` char(2) NOT NULL,
  `cUbiIdProvincia` char(2) NOT NULL,
  `cUbiIdDistrito` char(2) NOT NULL,
  `cUbiDescripcion` varchar(100) NOT NULL
) ENGINE=MyISAM DEFAULT CHARSET=latin1;

--
-- Dumping data for table `ubigeo`
--

INSERT INTO `ubigeo` (`nUbiId`, `nPaiId`, `cUbiIdDepartamento`, `cUbiIdProvincia`, `cUbiIdDistrito`, `cUbiDescripcion`) VALUES
(1, 2241, '1', '0', '0', 'AMAZONAS\r'),
(2, 2241, '2', '0', '0', 'ANCASH\r'),
(3, 2241, '3', '0', '0', 'APURIMAC\r'),
(4, 2241, '4', '0', '0', 'AREQUIPA\r'),
(5, 2241, '5', '0', '0', 'AYACUCHO\r'),
(6, 2241, '6', '0', '0', 'CAJAMARCA\r'),
(7, 2241, '7', '0', '0', 'CALLAO\r'),
(8, 2241, '8', '0', '0', 'CUSCO\r'),
(9, 2241, '9', '0', '0', 'HUANCAVELICA\r'),
(10, 2241, '10', '0', '0', 'HUANUCO\r'),
(11, 2241, '11', '0', '0', 'ICA\r'),
(12, 2241, '12', '0', '0', 'JUNIN\r'),
(13, 2241, '13', '0', '0', 'LA LIBERTAD\r'),
(14, 2241, '14', '0', '0', 'LAMBAYEQUE\r'),
(15, 2241, '15', '0', '0', 'LIMA\r'),
(16, 2241, '16', '0', '0', 'LORETO\r'),
(17, 2241, '17', '0', '0', 'MADRE DE DIOS\r'),
(18, 2241, '18', '0', '0', 'MOQUEGUA\r'),
(19, 2241, '19', '0', '0', 'PASCO\r'),
(20, 2241, '20', '0', '0', 'PIURA\r'),
(21, 2241, '21', '0', '0', 'PUNO\r'),
(22, 2241, '22', '0', '0', 'SAN MARTIN\r'),
(23, 2241, '23', '0', '0', 'TACNA\r'),
(24, 2241, '24', '0', '0', 'TUMBES\r'),
(25, 2241, '25', '0', '0', 'UCAYALI\r'),
(26, 2241, '1', '1', '0', 'CHACHAPOYAS\r'),
(27, 2241, '1', '2', '0', 'BAGUA\r'),
(28, 2241, '1', '3', '0', 'BONGARA\r'),
(29, 2241, '1', '4', '0', 'CONDORCANQUI\r'),
(30, 2241, '1', '5', '0', 'LUYA\r'),
(31, 2241, '1', '6', '0', 'RODRIGUEZ DE MENDOZA\r'),
(32, 2241, '1', '7', '0', 'UTCUBAMBA\r'),
(33, 2241, '2', '1', '0', 'HUARAZ\r'),
(34, 2241, '2', '2', '0', 'AIJA\r'),
(35, 2241, '2', '3', '0', 'ANTONIO RAYMONDI\r'),
(36, 2241, '2', '4', '0', 'ASUNCION\r'),
(37, 2241, '2', '5', '0', 'BOLOGNESI\r'),
(38, 2241, '2', '6', '0', 'CARHUAZ\r'),
(39, 2241, '2', '7', '0', 'CARLOS FERMIN FITZCARRALD\r'),
(40, 2241, '2', '8', '0', 'CASMA\r'),
(41, 2241, '2', '9', '0', 'CORONGO\r'),
(42, 2241, '2', '10', '0', 'HUARI\r'),
(43, 2241, '2', '11', '0', 'HUARMEY\r'),
(44, 2241, '2', '12', '0', 'HUAYLAS\r'),
(45, 2241, '2', '13', '0', 'MARISCAL LUZURIAGA\r'),
(46, 2241, '2', '14', '0', 'OCROS\r'),
(47, 2241, '2', '15', '0', 'PALLASCA\r'),
(48, 2241, '2', '16', '0', 'POMABAMBA\r'),
(49, 2241, '2', '17', '0', 'RECUAY\r'),
(50, 2241, '2', '18', '0', 'SANTA\r'),
(51, 2241, '2', '19', '0', 'SIHUAS\r'),
(52, 2241, '2', '20', '0', 'YUNGAY\r'),
(53, 2241, '3', '1', '0', 'ABANCAY\r'),
(54, 2241, '3', '2', '0', 'ANDAHUAYLAS\r'),
(55, 2241, '3', '3', '0', 'ANTABAMBA\r'),
(56, 2241, '3', '4', '0', 'AYMARAES\r'),
(57, 2241, '3', '5', '0', 'COTABAMBAS\r'),
(58, 2241, '3', '6', '0', 'CHINCHEROS\r'),
(59, 2241, '3', '7', '0', 'GRAU\r'),
(60, 2241, '4', '1', '0', 'AREQUIPA\r'),
(61, 2241, '4', '2', '0', 'CAMANA\r'),
(62, 2241, '4', '3', '0', 'CARAVELI\r'),
(63, 2241, '4', '4', '0', 'CASTILLA\r'),
(64, 2241, '4', '5', '0', 'CAYLLOMA\r'),
(65, 2241, '4', '6', '0', 'CONDESUYOS\r'),
(66, 2241, '4', '7', '0', 'ISLAY\r'),
(67, 2241, '4', '8', '0', 'LA UNION\r'),
(68, 2241, '5', '1', '0', 'HUAMANGA\r'),
(69, 2241, '5', '2', '0', 'CANGALLO\r'),
(70, 2241, '5', '3', '0', 'HUANCA SANCOS\r'),
(71, 2241, '5', '4', '0', 'HUANTA\r'),
(72, 2241, '5', '5', '0', 'LA MAR\r'),
(73, 2241, '5', '6', '0', 'LUCANAS\r'),
(74, 2241, '5', '7', '0', 'PARINACOCHAS\r'),
(75, 2241, '5', '8', '0', 'PAUCAR DEL SARA SARA\r'),
(76, 2241, '5', '9', '0', 'SUCRE\r'),
(77, 2241, '5', '10', '0', 'VICTOR FAFARDO\r'),
(78, 2241, '5', '10', '0', 'VICTOR FAJARDO\r'),
(79, 2241, '5', '11', '0', 'VILCAS HUAMAN\r'),
(80, 2241, '6', '1', '0', 'CAJAMARCA\r'),
(81, 2241, '6', '2', '0', 'CAJABAMBA\r'),
(82, 2241, '6', '3', '0', 'CELENDIN\r'),
(83, 2241, '6', '4', '0', 'CHOTA\r'),
(84, 2241, '6', '5', '0', 'CONTUMAZA\r'),
(85, 2241, '6', '6', '0', 'CUTERVO\r'),
(86, 2241, '6', '7', '0', 'HUALGAYOC\r'),
(87, 2241, '6', '8', '0', 'JAEN\r'),
(88, 2241, '6', '9', '0', 'SAN IGNACIO\r'),
(89, 2241, '6', '10', '0', 'SAN MARCOS\r'),
(90, 2241, '6', '11', '0', 'SAN MIGUEL\r'),
(91, 2241, '6', '12', '0', 'SAN PABLO\r'),
(92, 2241, '6', '13', '0', 'SANTA CRUZ\r'),
(93, 2241, '7', '1', '0', 'CALLAO\r'),
(94, 2241, '8', '1', '0', 'CUSCO\r'),
(95, 2241, '8', '2', '0', 'ACOMAYO\r'),
(96, 2241, '8', '3', '0', 'ANTA\r'),
(97, 2241, '8', '4', '0', 'CALCA\r'),
(98, 2241, '8', '5', '0', 'CANAS\r'),
(99, 2241, '8', '6', '0', 'CANCHIS\r'),
(100, 2241, '8', '7', '0', 'CHUMBIVILCAS\r'),
(101, 2241, '8', '8', '0', 'ESPINAR\r'),
(102, 2241, '8', '9', '0', 'LA CONVENCION\r'),
(103, 2241, '8', '10', '0', 'PARURO\r'),
(104, 2241, '8', '11', '0', 'PAUCARTAMBO\r'),
(105, 2241, '8', '12', '0', 'QUISPICANCHI\r'),
(106, 2241, '8', '13', '0', 'URUBAMBA\r'),
(107, 2241, '9', '1', '0', 'HUANCAVELICA\r'),
(108, 2241, '9', '2', '0', 'ACOBAMBA\r'),
(109, 2241, '9', '3', '0', 'ANGARAES\r'),
(110, 2241, '9', '4', '0', 'CASTROVIRREYNA\r'),
(111, 2241, '9', '5', '0', 'CHURCAMPA\r'),
(112, 2241, '9', '6', '0', 'HUAYTARA\r'),
(113, 2241, '9', '7', '0', 'TAYACAJA\r'),
(114, 2241, '10', '1', '0', 'HUANUCO\r'),
(115, 2241, '10', '2', '0', 'AMBO\r'),
(116, 2241, '10', '3', '0', 'DOS DE MAYO\r'),
(117, 2241, '10', '4', '0', 'HUACAYBAMBA\r'),
(118, 2241, '10', '5', '0', 'HUAMALIES\r'),
(119, 2241, '10', '6', '0', 'LEONCIO PRADO\r'),
(120, 2241, '10', '7', '0', 'MARA?ON\r'),
(121, 2241, '10', '8', '0', 'PACHITEA\r'),
(122, 2241, '10', '9', '0', 'PUERTO INCA\r'),
(123, 2241, '10', '10', '0', 'LAURICOCHA\r'),
(124, 2241, '10', '11', '0', 'YAROWILCA\r'),
(125, 2241, '11', '1', '0', 'ICA\r'),
(126, 2241, '11', '2', '0', 'CHINCHA\r'),
(127, 2241, '11', '3', '0', 'NAZCA\r'),
(128, 2241, '11', '4', '0', 'PALPA\r'),
(129, 2241, '11', '5', '0', 'PISCO\r'),
(130, 2241, '12', '1', '0', 'HUANCAYO\r'),
(131, 2241, '12', '2', '0', 'CONCEPCION\r'),
(132, 2241, '12', '3', '0', 'CHANCHAMAYO\r'),
(133, 2241, '12', '4', '0', 'JAUJA\r'),
(134, 2241, '12', '5', '0', 'JUNIN\r'),
(135, 2241, '12', '6', '0', 'SATIPO\r'),
(136, 2241, '12', '7', '0', 'TARMA\r'),
(137, 2241, '12', '8', '0', 'YAULI\r'),
(138, 2241, '12', '9', '0', 'CHUPACA\r'),
(139, 2241, '13', '1', '0', 'TRUJILLO\r'),
(140, 2241, '13', '2', '0', 'ASCOPE\r'),
(141, 2241, '13', '3', '0', 'BOLIVAR\r'),
(142, 2241, '13', '4', '0', 'CHEPEN\r'),
(143, 2241, '13', '5', '0', 'JULCAN\r'),
(144, 2241, '13', '6', '0', 'OTUZCO\r'),
(145, 2241, '13', '7', '0', 'PACASMAYO\r'),
(146, 2241, '13', '8', '0', 'PATAZ\r'),
(147, 2241, '13', '9', '0', 'SANCHEZ CARRION\r'),
(148, 2241, '13', '10', '0', 'SANTIAGO DE CHUCO\r'),
(149, 2241, '13', '11', '0', 'GRAN CHIMU\r'),
(150, 2241, '13', '12', '0', 'VIRU\r'),
(151, 2241, '14', '1', '0', 'CHICLAYO\r'),
(152, 2241, '14', '2', '0', 'FERRE?AFE\r'),
(153, 2241, '14', '3', '0', 'LAMBAYEQUE\r'),
(154, 2241, '15', '1', '0', 'LIMA\r'),
(155, 2241, '15', '2', '0', 'BARRANCA\r'),
(156, 2241, '15', '3', '0', 'CAJATAMBO\r'),
(157, 2241, '15', '4', '0', 'CANTA\r'),
(158, 2241, '15', '5', '0', 'CA?ETE\r'),
(159, 2241, '15', '6', '0', 'HUARAL\r'),
(160, 2241, '15', '7', '0', 'HUAROCHIRI\r'),
(161, 2241, '15', '8', '0', 'HUAURA\r'),
(162, 2241, '15', '9', '0', 'OYON\r'),
(163, 2241, '15', '10', '0', 'YAUYOS\r'),
(164, 2241, '16', '1', '0', 'MAYNAS\r'),
(165, 2241, '16', '2', '0', 'ALTO AMAZONAS\r'),
(166, 2241, '16', '3', '0', 'LORETO\r'),
(167, 2241, '16', '4', '0', 'MARISCAL RAMON CASTILLA\r'),
(168, 2241, '16', '5', '0', 'REQUENA\r'),
(169, 2241, '16', '6', '0', 'UCAYALI\r'),
(170, 2241, '16', '7', '0', 'DATEM DEL MARA?ON\r'),
(171, 2241, '17', '1', '0', 'TAMBOPATA\r'),
(172, 2241, '17', '2', '0', 'MANU\r'),
(173, 2241, '17', '3', '0', 'TAHUAMANU\r'),
(174, 2241, '18', '1', '0', 'MARISCAL NIETO\r'),
(175, 2241, '18', '2', '0', 'GENERAL SANCHEZ CERRO\r'),
(176, 2241, '18', '3', '0', 'ILO\r'),
(177, 2241, '19', '1', '0', 'PASCO\r'),
(178, 2241, '19', '2', '0', 'DANIEL ALCIDES CARRION\r'),
(179, 2241, '19', '3', '0', 'OXAPAMPA\r'),
(180, 2241, '20', '1', '0', 'PIURA\r'),
(181, 2241, '20', '1', '0', 'PUIRA\r'),
(182, 2241, '20', '2', '0', 'AYABACA\r'),
(183, 2241, '20', '3', '0', 'HUANCABAMBA\r'),
(184, 2241, '20', '4', '0', 'MORROPON\r'),
(185, 2241, '20', '5', '0', 'PAITA\r'),
(186, 2241, '20', '6', '0', 'SULLANA\r'),
(187, 2241, '20', '7', '0', 'TALARA\r'),
(188, 2241, '20', '8', '0', 'SECHURA\r'),
(189, 2241, '21', '1', '0', 'PUNO\r'),
(190, 2241, '21', '2', '0', 'AZANGARO\r'),
(191, 2241, '21', '3', '0', 'CARABAYA\r'),
(192, 2241, '21', '4', '0', 'CHUCUITO\r'),
(193, 2241, '21', '5', '0', 'EL COLLAO\r'),
(194, 2241, '21', '6', '0', 'HUANCANE\r'),
(195, 2241, '21', '7', '0', 'LAMPA\r'),
(196, 2241, '21', '8', '0', 'MELGAR\r'),
(197, 2241, '21', '9', '0', 'MOHO\r'),
(198, 2241, '21', '10', '0', 'SAN ANTONIO DE PUTINA\r'),
(199, 2241, '21', '11', '0', 'SAN ROMAN\r'),
(200, 2241, '21', '12', '0', 'SANDIA\r'),
(201, 2241, '21', '13', '0', 'YUNGUYO\r'),
(202, 2241, '22', '1', '0', 'MOYOBAMBA\r'),
(203, 2241, '22', '2', '0', 'BELLAVISTA\r'),
(204, 2241, '22', '3', '0', 'EL DORADO\r'),
(205, 2241, '22', '4', '0', 'HUALLAGA\r'),
(206, 2241, '22', '5', '0', 'LAMAS\r'),
(207, 2241, '22', '6', '0', 'MARISCAL CACERES\r'),
(208, 2241, '22', '7', '0', 'PICOTA\r'),
(209, 2241, '22', '8', '0', 'RIOJA\r'),
(210, 2241, '22', '9', '0', 'SAN MARTIN\r'),
(211, 2241, '22', '10', '0', 'TOCACHE\r'),
(212, 2241, '23', '1', '0', 'TACNA\r'),
(213, 2241, '23', '2', '0', 'CANDARAVE\r'),
(214, 2241, '23', '3', '0', 'JORGE BASADRE\r'),
(215, 2241, '23', '4', '0', 'TARATA\r'),
(216, 2241, '24', '1', '0', 'TUMBES\r'),
(217, 2241, '24', '2', '0', 'CONTRALMIRANTE VILLAR\r'),
(218, 2241, '24', '3', '0', 'ZARUMILLA\r'),
(219, 2241, '25', '1', '0', 'CORONEL PORTILLO\r'),
(220, 2241, '25', '2', '0', 'ATALAYA\r'),
(221, 2241, '25', '3', '0', 'PADRE ABAD\r'),
(222, 2241, '25', '4', '0', 'PURUS\r'),
(223, 2241, '1', '1', '1', 'CHACHAPOYAS\r'),
(224, 2241, '1', '1', '2', 'ASUNCION\r'),
(225, 2241, '1', '1', '3', 'BALSAS\r'),
(226, 2241, '1', '1', '4', 'CHETO\r'),
(227, 2241, '1', '1', '5', 'CHILIQUIN\r'),
(228, 2241, '1', '1', '6', 'CHUQUIBAMBA\r'),
(229, 2241, '1', '1', '7', 'GRANADA\r'),
(230, 2241, '1', '1', '8', 'HUANCAS\r'),
(231, 2241, '1', '1', '9', 'LA JALCA\r'),
(232, 2241, '1', '1', '10', 'LEIMEBAMBA\r'),
(233, 2241, '1', '1', '11', 'LEVANTO\r'),
(234, 2241, '1', '1', '12', 'MAGDALENA\r'),
(235, 2241, '1', '1', '13', 'MARISCAL CASTILLA\r'),
(236, 2241, '1', '1', '14', 'MOLINOPAMPA\r'),
(237, 2241, '1', '1', '15', 'MONTEVIDEO\r'),
(238, 2241, '1', '1', '16', 'OLLEROS\r'),
(239, 2241, '1', '1', '17', 'QUINJALCA\r'),
(240, 2241, '1', '1', '18', 'SAN FRANCISCO DE DAGUAS\r'),
(241, 2241, '1', '1', '19', 'SAN ISIDRO DE MAINO\r'),
(242, 2241, '1', '1', '20', 'SOLOCO\r'),
(243, 2241, '1', '1', '21', 'SONCHE\r'),
(244, 2241, '1', '2', '1', 'LA PECA\r'),
(245, 2241, '1', '2', '2', 'ARAMANGO\r'),
(246, 2241, '1', '2', '3', 'COPALLIN\r'),
(247, 2241, '1', '2', '4', 'EL PARCO\r'),
(248, 2241, '1', '2', '5', 'IMAZA\r'),
(249, 2241, '1', '2', '6', 'BAGUA\r'),
(250, 2241, '1', '3', '1', 'JUMBILLA\r'),
(251, 2241, '1', '3', '2', 'CHISQUILLA\r'),
(252, 2241, '1', '3', '3', 'CHURUJA\r'),
(253, 2241, '1', '3', '4', 'COROSHA\r'),
(254, 2241, '1', '3', '5', 'CUISPES\r'),
(255, 2241, '1', '3', '6', 'FLORIDA\r'),
(256, 2241, '1', '3', '7', 'JAZAN\r'),
(257, 2241, '1', '3', '8', 'RECTA\r'),
(258, 2241, '1', '3', '9', 'SAN CARLOS\r'),
(259, 2241, '1', '3', '10', 'SHIPASBAMBA\r'),
(260, 2241, '1', '3', '11', 'VALERA\r'),
(261, 2241, '1', '3', '12', 'YAMBRASBAMBA\r'),
(262, 2241, '1', '4', '1', 'NIEVA\r'),
(263, 2241, '1', '4', '2', 'EL CENEPA\r'),
(264, 2241, '1', '4', '3', 'RIO SANTIAGO\r'),
(265, 2241, '1', '5', '1', 'LAMUD\r'),
(266, 2241, '1', '5', '2', 'CAMPORREDONDO\r'),
(267, 2241, '1', '5', '3', 'COCABAMBA\r'),
(268, 2241, '1', '5', '4', 'COLCAMAR\r'),
(269, 2241, '1', '5', '5', 'CONILA\r'),
(270, 2241, '1', '5', '6', 'INGUILPATA\r'),
(271, 2241, '1', '5', '7', 'LONGUITA\r'),
(272, 2241, '1', '5', '8', 'LONYA CHICO\r'),
(273, 2241, '1', '5', '9', 'LUYA\r'),
(274, 2241, '1', '5', '10', 'LUYA VIEJO\r'),
(275, 2241, '1', '5', '11', 'MARIA\r'),
(276, 2241, '1', '5', '12', 'OCALLI\r'),
(277, 2241, '1', '5', '13', 'OCUMAL\r'),
(278, 2241, '1', '5', '14', 'PISUQUIA\r'),
(279, 2241, '1', '5', '15', 'PROVIDENCIA\r'),
(280, 2241, '1', '5', '16', 'SAN CRISTOBAL\r'),
(281, 2241, '1', '5', '17', 'SAN FRANCISCO DEL YESO\r'),
(282, 2241, '1', '5', '18', 'SAN JERONIMO\r'),
(283, 2241, '1', '5', '19', 'SAN JUAN DE LOPECANCHA\r'),
(284, 2241, '1', '5', '20', 'SANTA CATALINA\r'),
(285, 2241, '1', '5', '21', 'SANTO TOMAS\r'),
(286, 2241, '1', '5', '22', 'TINGO\r'),
(287, 2241, '1', '5', '23', 'TRITA\r'),
(288, 2241, '1', '6', '1', 'SAN NICOLAS\r'),
(289, 2241, '1', '6', '2', 'CHIRIMOTO\r'),
(290, 2241, '1', '6', '3', 'COCHAMAL\r'),
(291, 2241, '1', '6', '4', 'HUAMBO\r'),
(292, 2241, '1', '6', '5', 'LIMABAMBA\r'),
(293, 2241, '1', '6', '6', 'LONGAR\r'),
(294, 2241, '1', '6', '7', 'MARISCAL BENAVIDES\r'),
(295, 2241, '1', '6', '8', 'MILPUC\r'),
(296, 2241, '1', '6', '9', 'OMIA\r'),
(297, 2241, '1', '6', '10', 'SANTA ROSA\r'),
(298, 2241, '1', '6', '11', 'TOTORA\r'),
(299, 2241, '1', '6', '12', 'VISTA ALEGRE\r'),
(300, 2241, '1', '7', '1', 'BAGUA GRANDE\r'),
(301, 2241, '1', '7', '2', 'CAJARURO\r'),
(302, 2241, '1', '7', '3', 'CUMBA\r'),
(303, 2241, '1', '7', '4', 'EL MILAGRO\r'),
(304, 2241, '1', '7', '5', 'JAMALCA\r'),
(305, 2241, '1', '7', '6', 'LONYA GRANDE\r'),
(306, 2241, '1', '7', '7', 'YAMON\r'),
(307, 2241, '2', '1', '1', 'HUARAZ\r'),
(308, 2241, '2', '1', '2', 'COCHABAMBA\r'),
(309, 2241, '2', '1', '3', 'COLCABAMBA\r'),
(310, 2241, '2', '1', '4', 'HUANCHAY\r'),
(311, 2241, '2', '1', '5', 'INDEPENDENCIA\r'),
(312, 2241, '2', '1', '6', 'JANGAS\r'),
(313, 2241, '2', '1', '7', 'LA LIBERTAD\r'),
(314, 2241, '2', '1', '8', 'OLLEROS\r'),
(315, 2241, '2', '1', '9', 'PAMPAS\r'),
(316, 2241, '2', '1', '10', 'PARIACOTO\r'),
(317, 2241, '2', '1', '11', 'PIRA\r'),
(318, 2241, '2', '1', '12', 'TARICA\r'),
(319, 2241, '2', '2', '1', 'AIJA\r'),
(320, 2241, '2', '2', '2', 'CORIS\r'),
(321, 2241, '2', '2', '3', 'HUACLLAN\r'),
(322, 2241, '2', '2', '4', 'LA MERCED\r'),
(323, 2241, '2', '2', '5', 'SUCCHA\r'),
(324, 2241, '2', '3', '1', 'LLAMELLIN\r'),
(325, 2241, '2', '3', '2', 'ACZO\r'),
(326, 2241, '2', '3', '3', 'CHACCHO\r'),
(327, 2241, '2', '3', '4', 'CHINGAS\r'),
(328, 2241, '2', '3', '5', 'MIRGAS\r'),
(329, 2241, '2', '3', '6', 'SAN JUAN DE RONTOY\r'),
(330, 2241, '2', '4', '1', 'CHACAS\r'),
(331, 2241, '2', '4', '2', 'ACOCHACA\r'),
(332, 2241, '2', '5', '1', 'CHIQUIAN\r'),
(333, 2241, '2', '5', '2', 'ABELARDO PARDO LEZAMETA\r'),
(334, 2241, '2', '5', '3', 'ANTONIO RAYMONDI\r'),
(335, 2241, '2', '5', '4', 'AQUIA\r'),
(336, 2241, '2', '5', '5', 'CAJACAY\r'),
(337, 2241, '2', '5', '6', 'CANIS\r'),
(338, 2241, '2', '5', '7', 'COLQUIOC\r'),
(339, 2241, '2', '5', '8', 'HUALLANCA\r'),
(340, 2241, '2', '5', '9', 'HUASTA\r'),
(341, 2241, '2', '5', '10', 'HUAYLLACAYAN\r'),
(342, 2241, '2', '5', '11', 'LA PRIMAVERA\r'),
(343, 2241, '2', '5', '12', 'MANGAS\r'),
(344, 2241, '2', '5', '13', 'PACLLON\r'),
(345, 2241, '2', '5', '14', 'SAN MIGUEL DE CORPANQUI\r'),
(346, 2241, '2', '5', '15', 'TICLLOS\r'),
(347, 2241, '2', '6', '1', 'CARHUAZ\r'),
(348, 2241, '2', '6', '2', 'ACOPAMPA\r'),
(349, 2241, '2', '6', '3', 'AMASHCA\r'),
(350, 2241, '2', '6', '4', 'ANTA\r'),
(351, 2241, '2', '6', '5', 'ATAQUERO\r'),
(352, 2241, '2', '6', '6', 'MARCARA\r'),
(353, 2241, '2', '6', '7', 'PARIAHUANCA\r'),
(354, 2241, '2', '6', '8', 'SAN MIGUEL DE ACO\r'),
(355, 2241, '2', '6', '9', 'SHILLA\r'),
(356, 2241, '2', '6', '10', 'TINCO\r'),
(357, 2241, '2', '6', '11', 'YUNGAR\r'),
(358, 2241, '2', '7', '1', 'SAN LUIS\r'),
(359, 2241, '2', '7', '2', 'SAN NICOLAS\r'),
(360, 2241, '2', '7', '3', 'YAUYA\r'),
(361, 2241, '2', '8', '1', 'CASMA\r'),
(362, 2241, '2', '8', '2', 'BUENA VISTA ALTA\r'),
(363, 2241, '2', '8', '3', 'COMANDANTE NOEL\r'),
(364, 2241, '2', '8', '4', 'YAUTAN\r'),
(365, 2241, '2', '9', '1', 'CORONGO\r'),
(366, 2241, '2', '9', '2', 'ACO\r'),
(367, 2241, '2', '9', '3', 'BAMBAS\r'),
(368, 2241, '2', '9', '4', 'CUSCA\r'),
(369, 2241, '2', '9', '5', 'LA PAMPA\r'),
(370, 2241, '2', '9', '6', 'YANAC\r'),
(371, 2241, '2', '9', '7', 'YUPAN\r'),
(372, 2241, '2', '10', '1', 'HUARI\r'),
(373, 2241, '2', '10', '2', 'ANRA\r'),
(374, 2241, '2', '10', '3', 'CAJAY\r'),
(375, 2241, '2', '10', '4', 'CHAVIN DE HUANTAR\r'),
(376, 2241, '2', '10', '5', 'HUACACHI\r'),
(377, 2241, '2', '10', '6', 'HUACCHIS\r'),
(378, 2241, '2', '10', '7', 'HUACHIS\r'),
(379, 2241, '2', '10', '8', 'HUANTAR\r'),
(380, 2241, '2', '10', '9', 'MASIN\r'),
(381, 2241, '2', '10', '10', 'PAUCAS\r'),
(382, 2241, '2', '10', '11', 'PONTO\r'),
(383, 2241, '2', '10', '12', 'RAHUAPAMPA\r'),
(384, 2241, '2', '10', '13', 'RAPAYAN\r'),
(385, 2241, '2', '10', '14', 'SAN MARCOS\r'),
(386, 2241, '2', '10', '15', 'SAN PEDRO DE CHANA\r'),
(387, 2241, '2', '10', '16', 'UCO\r'),
(388, 2241, '2', '11', '1', 'HUARMEY\r'),
(389, 2241, '2', '11', '2', 'COCHAPETI\r'),
(390, 2241, '2', '11', '3', 'CULEBRAS\r'),
(391, 2241, '2', '11', '4', 'HUAYAN\r'),
(392, 2241, '2', '11', '5', 'MALVAS\r'),
(393, 2241, '2', '12', '1', 'CARAZ\r'),
(394, 2241, '2', '12', '2', 'HUALLANCA\r'),
(395, 2241, '2', '12', '3', 'HUATA\r'),
(396, 2241, '2', '12', '4', 'HUAYLAS\r'),
(397, 2241, '2', '12', '5', 'MATO\r'),
(398, 2241, '2', '12', '6', 'PAMPAROMAS\r'),
(399, 2241, '2', '12', '7', 'PUEBLO LIBRE\r'),
(400, 2241, '2', '12', '8', 'SANTA CRUZ\r'),
(401, 2241, '2', '12', '9', 'SANTO TORIBIO\r'),
(402, 2241, '2', '12', '10', 'YURACMARCA\r'),
(403, 2241, '2', '13', '1', 'PISCOBAMBA\r'),
(404, 2241, '2', '13', '2', 'CASCA\r'),
(405, 2241, '2', '13', '3', 'ELEAZAR GUZMAN BARRON\r'),
(406, 2241, '2', '13', '4', 'FIDEL OLIVAS ESCUDERO\r'),
(407, 2241, '2', '13', '5', 'LLAMA\r'),
(408, 2241, '2', '13', '6', 'LLUMPA\r'),
(409, 2241, '2', '13', '7', 'LUCMA\r'),
(410, 2241, '2', '13', '8', 'MUSGA\r'),
(411, 2241, '2', '14', '1', 'OCROS\r'),
(412, 2241, '2', '14', '2', 'ACAS\r'),
(413, 2241, '2', '14', '3', 'CAJAMARQUILLA\r'),
(414, 2241, '2', '14', '4', 'CARHUAPAMPA\r'),
(415, 2241, '2', '14', '5', 'COCHAS\r'),
(416, 2241, '2', '14', '6', 'CONGAS\r'),
(417, 2241, '2', '14', '7', 'LLIPA\r'),
(418, 2241, '2', '14', '8', 'SAN CRISTOBAL DE RAJAN\r'),
(419, 2241, '2', '14', '9', 'SAN PEDRO\r'),
(420, 2241, '2', '14', '10', 'SANTIAGO DE CHILCAS\r'),
(421, 2241, '2', '15', '1', 'CABANA\r'),
(422, 2241, '2', '15', '2', 'BOLOGNESI\r'),
(423, 2241, '2', '15', '3', 'CONCHUCOS\r'),
(424, 2241, '2', '15', '4', 'HUACASCHUQUE\r'),
(425, 2241, '2', '15', '5', 'HUANDOVAL\r'),
(426, 2241, '2', '15', '6', 'LACABAMBA\r'),
(427, 2241, '2', '15', '7', 'LLAPO\r'),
(428, 2241, '2', '15', '8', 'PALLASCA\r'),
(429, 2241, '2', '15', '9', 'PAMPAS\r'),
(430, 2241, '2', '15', '10', 'SANTA ROSA\r'),
(431, 2241, '2', '15', '11', 'TAUCA\r'),
(432, 2241, '2', '16', '1', 'POMABAMBA\r'),
(433, 2241, '2', '16', '2', 'HUAYLLAN\r'),
(434, 2241, '2', '16', '3', 'PAROBAMBA\r'),
(435, 2241, '2', '16', '4', 'QUINUABAMBA\r'),
(436, 2241, '2', '17', '1', 'RECUAY\r'),
(437, 2241, '2', '17', '2', 'CATAC\r'),
(438, 2241, '2', '17', '3', 'COTAPARACO\r'),
(439, 2241, '2', '17', '4', 'HUAYLLAPAMPA\r'),
(440, 2241, '2', '17', '5', 'LLACLLIN\r'),
(441, 2241, '2', '17', '6', 'MARCA\r'),
(442, 2241, '2', '17', '7', 'PAMPAS CHICO\r'),
(443, 2241, '2', '17', '8', 'PARARIN\r'),
(444, 2241, '2', '17', '9', 'TAPACOCHA\r'),
(445, 2241, '2', '17', '10', 'TICAPAMPA\r'),
(446, 2241, '2', '18', '1', 'CHIMBOTE\r'),
(447, 2241, '2', '18', '2', 'CACERES DEL PERU\r'),
(448, 2241, '2', '18', '3', 'COISHCO\r'),
(449, 2241, '2', '18', '4', 'MACATE\r'),
(450, 2241, '2', '18', '5', 'MORO\r'),
(451, 2241, '2', '18', '6', 'NEPE?A\r'),
(452, 2241, '2', '18', '7', 'SAMANCO\r'),
(453, 2241, '2', '18', '8', 'SANTA\r'),
(454, 2241, '2', '18', '9', 'NUEVO CHIMBOTE\r'),
(455, 2241, '2', '19', '1', 'SIHUAS\r'),
(456, 2241, '2', '19', '2', 'ACOBAMBA\r'),
(457, 2241, '2', '19', '3', 'ALFONSO UGARTE\r'),
(458, 2241, '2', '19', '4', 'CASHAPAMPA\r'),
(459, 2241, '2', '19', '5', 'CHINGALPO\r'),
(460, 2241, '2', '19', '6', 'HUAYLLABAMBA\r'),
(461, 2241, '2', '19', '7', 'QUICHES\r'),
(462, 2241, '2', '19', '8', 'RAGASH\r'),
(463, 2241, '2', '19', '9', 'SAN JUAN\r'),
(464, 2241, '2', '19', '10', 'SICSIBAMBA\r'),
(465, 2241, '2', '20', '1', 'YUNGAY\r'),
(466, 2241, '2', '20', '2', 'CASCAPARA\r'),
(467, 2241, '2', '20', '3', 'MANCOS\r'),
(468, 2241, '2', '20', '4', 'MATACOTO\r'),
(469, 2241, '2', '20', '5', 'QUILLO\r'),
(470, 2241, '2', '20', '6', 'RANRAHIRCA\r'),
(471, 2241, '2', '20', '7', 'SHUPLUY\r'),
(472, 2241, '2', '20', '8', 'YANAMA\r'),
(473, 2241, '3', '1', '1', 'ABANCAY\r'),
(474, 2241, '3', '1', '2', 'CHACOCHE\r'),
(475, 2241, '3', '1', '3', 'CIRCA\r'),
(476, 2241, '3', '1', '4', 'CURAHUASI\r'),
(477, 2241, '3', '1', '5', 'HUANIPACA\r'),
(478, 2241, '3', '1', '6', 'LAMBRAMA\r'),
(479, 2241, '3', '1', '7', 'PICHIRHUA\r'),
(480, 2241, '3', '1', '8', 'SAN PEDRO DE CACHORA\r'),
(481, 2241, '3', '1', '9', 'TAMBURCO\r'),
(482, 2241, '3', '2', '1', 'ANDAHUAYLAS\r'),
(483, 2241, '3', '2', '2', 'ANDARAPA\r'),
(484, 2241, '3', '2', '3', 'CHIARA\r'),
(485, 2241, '3', '2', '4', 'HUANCARAMA\r'),
(486, 2241, '3', '2', '5', 'HUANCARAY\r'),
(487, 2241, '3', '2', '6', 'HUAYANA\r'),
(488, 2241, '3', '2', '7', 'KISHUARA\r'),
(489, 2241, '3', '2', '8', 'PACOBAMBA\r'),
(490, 2241, '3', '2', '9', 'PACUCHA\r'),
(491, 2241, '3', '2', '10', 'PAMPACHIRI\r'),
(492, 2241, '3', '2', '11', 'POMACOCHA\r'),
(493, 2241, '3', '2', '12', 'SAN ANTONIO DE CACHI\r'),
(494, 2241, '3', '2', '13', 'SAN JERONIMO\r'),
(495, 2241, '3', '2', '14', 'SAN MIGUEL DE CHACCRAMPA\r'),
(496, 2241, '3', '2', '15', 'SANTA MARIA DE CHICMO\r'),
(497, 2241, '3', '2', '16', 'TALAVERA\r'),
(498, 2241, '3', '2', '17', 'TUMAY HUARACA\r'),
(499, 2241, '3', '2', '18', 'TURPO\r'),
(500, 2241, '3', '2', '19', 'KAQUIABAMBA\r'),
(501, 2241, '3', '3', '1', 'ANTABAMBA\r'),
(502, 2241, '3', '3', '2', 'EL ORO\r'),
(503, 2241, '3', '3', '3', 'HUAQUIRCA\r'),
(504, 2241, '3', '3', '4', 'JUAN ESPINOZA MEDRANO\r'),
(505, 2241, '3', '3', '5', 'OROPESA\r'),
(506, 2241, '3', '3', '6', 'PACHACONAS\r'),
(507, 2241, '3', '3', '7', 'SABAINO\r'),
(508, 2241, '3', '4', '1', 'CHALHUANCA\r'),
(509, 2241, '3', '4', '2', 'CAPAYA\r'),
(510, 2241, '3', '4', '3', 'CARAYBAMBA\r'),
(511, 2241, '3', '4', '4', 'CHAPIMARCA\r'),
(512, 2241, '3', '4', '5', 'COLCABAMBA\r'),
(513, 2241, '3', '4', '6', 'COTARUSE\r'),
(514, 2241, '3', '4', '7', 'HUAYLLO\r'),
(515, 2241, '3', '4', '8', 'JUSTO APU SAHUARAURA\r'),
(516, 2241, '3', '4', '9', 'LUCRE\r'),
(517, 2241, '3', '4', '10', 'POCOHUANCA\r'),
(518, 2241, '3', '4', '11', 'SAN JUAN DE CHAC?A\r'),
(519, 2241, '3', '4', '12', 'SA?AYCA\r'),
(520, 2241, '3', '4', '13', 'SORAYA\r'),
(521, 2241, '3', '4', '14', 'TAPAIRIHUA\r'),
(522, 2241, '3', '4', '15', 'TINTAY\r'),
(523, 2241, '3', '4', '16', 'TORAYA\r'),
(524, 2241, '3', '4', '17', 'YANACA\r'),
(525, 2241, '3', '5', '1', 'TAMBOBAMBA\r'),
(526, 2241, '3', '5', '2', 'COTABAMBAS\r'),
(527, 2241, '3', '5', '3', 'COYLLURQUI\r'),
(528, 2241, '3', '5', '4', 'HAQUIRA\r'),
(529, 2241, '3', '5', '5', 'MARA\r'),
(530, 2241, '3', '5', '6', 'CHALLHUAHUACHO\r'),
(531, 2241, '3', '6', '1', 'CHINCHEROS\r'),
(532, 2241, '3', '6', '2', 'ANCO_HUALLO\r'),
(533, 2241, '3', '6', '3', 'COCHARCAS\r'),
(534, 2241, '3', '6', '4', 'HUACCANA\r'),
(535, 2241, '3', '6', '5', 'OCOBAMBA\r'),
(536, 2241, '3', '6', '6', 'ONGOY\r'),
(537, 2241, '3', '6', '7', 'URANMARCA\r'),
(538, 2241, '3', '6', '8', 'RANRACANCHA\r'),
(539, 2241, '3', '7', '1', 'CHUQUIBAMBILLA\r'),
(540, 2241, '3', '7', '2', 'CURPAHUASI\r'),
(541, 2241, '3', '7', '3', 'GAMARRA\r'),
(542, 2241, '3', '7', '4', 'HUAYLLATI\r'),
(543, 2241, '3', '7', '5', 'MAMARA\r'),
(544, 2241, '3', '7', '6', 'MICAELA BASTIDAS\r'),
(545, 2241, '3', '7', '7', 'PATAYPAMPA\r'),
(546, 2241, '3', '7', '8', 'PROGRESO\r'),
(547, 2241, '3', '7', '9', 'SAN ANTONIO\r'),
(548, 2241, '3', '7', '10', 'SANTA ROSA\r'),
(549, 2241, '3', '7', '11', 'TURPAY\r'),
(550, 2241, '3', '7', '12', 'VILCABAMBA\r'),
(551, 2241, '3', '7', '13', 'VIRUNDO\r'),
(552, 2241, '3', '7', '14', 'CURASCO\r'),
(553, 2241, '4', '1', '1', 'AREQUIPA\r'),
(554, 2241, '4', '1', '2', 'ALTO SELVA ALEGRE\r'),
(555, 2241, '4', '1', '3', 'CAYMA\r'),
(556, 2241, '4', '1', '4', 'CERRO COLORADO\r'),
(557, 2241, '4', '1', '5', 'CHARACATO\r'),
(558, 2241, '4', '1', '6', 'CHIGUATA\r'),
(559, 2241, '4', '1', '7', 'JACOBO HUNTER\r'),
(560, 2241, '4', '1', '8', 'LA JOYA\r'),
(561, 2241, '4', '1', '9', 'MARIANO MELGAR\r'),
(562, 2241, '4', '1', '10', 'MIRAFLORES\r'),
(563, 2241, '4', '1', '11', 'MOLLEBAYA\r'),
(564, 2241, '4', '1', '12', 'PAUCARPATA\r'),
(565, 2241, '4', '1', '13', 'POCSI\r'),
(566, 2241, '4', '1', '14', 'POLOBAYA\r'),
(567, 2241, '4', '1', '15', 'QUEQUE?A\r'),
(568, 2241, '4', '1', '16', 'SABANDIA\r'),
(569, 2241, '4', '1', '17', 'SACHACA\r'),
(570, 2241, '4', '1', '18', 'SAN JUAN DE SIGUAS\r'),
(571, 2241, '4', '1', '19', 'SAN JUAN DE TARUCANI\r'),
(572, 2241, '4', '1', '20', 'SANTA ISABEL DE SIGUAS\r'),
(573, 2241, '4', '1', '21', 'SANTA RITA DE SIGUAS\r'),
(574, 2241, '4', '1', '22', 'SOCABAYA\r'),
(575, 2241, '4', '1', '23', 'TIABAYA\r'),
(576, 2241, '4', '1', '24', 'UCHUMAYO\r'),
(577, 2241, '4', '1', '25', 'VITOR\r'),
(578, 2241, '4', '1', '26', 'YANAHUARA\r'),
(579, 2241, '4', '1', '27', 'YARABAMBA\r'),
(580, 2241, '4', '1', '28', 'YURA\r'),
(581, 2241, '4', '1', '29', 'JOSE LUIS BUSTAMANTE Y RIVERO\r'),
(582, 2241, '4', '2', '1', 'CAMANA\r'),
(583, 2241, '4', '2', '2', 'JOSE MARIA QUIMPER\r'),
(584, 2241, '4', '2', '3', 'MARIANO NICOLAS VALCARCEL\r'),
(585, 2241, '4', '2', '4', 'MARISCAL CACERES\r'),
(586, 2241, '4', '2', '5', 'NICOLAS DE PIEROLA\r'),
(587, 2241, '4', '2', '6', 'OCO?A\r'),
(588, 2241, '4', '2', '7', 'QUILCA\r'),
(589, 2241, '4', '2', '8', 'SAMUEL PASTOR\r'),
(590, 2241, '4', '3', '1', 'CARAVELI\r'),
(591, 2241, '4', '3', '2', 'ACARI\r'),
(592, 2241, '4', '3', '3', 'ATICO\r'),
(593, 2241, '4', '3', '4', 'ATIQUIPA\r'),
(594, 2241, '4', '3', '5', 'BELLA UNION\r'),
(595, 2241, '4', '3', '6', 'CAHUACHO\r'),
(596, 2241, '4', '3', '7', 'CHALA\r'),
(597, 2241, '4', '3', '8', 'CHAPARRA\r'),
(598, 2241, '4', '3', '9', 'HUANUHUANU\r'),
(599, 2241, '4', '3', '10', 'JAQUI\r'),
(600, 2241, '4', '3', '11', 'LOMAS\r'),
(601, 2241, '4', '3', '12', 'QUICACHA\r'),
(602, 2241, '4', '3', '13', 'YAUCA\r'),
(603, 2241, '4', '4', '1', 'APLAO\r'),
(604, 2241, '4', '4', '2', 'ANDAGUA\r'),
(605, 2241, '4', '4', '3', 'AYO\r'),
(606, 2241, '4', '4', '4', 'CHACHAS\r'),
(607, 2241, '4', '4', '5', 'CHILCAYMARCA\r'),
(608, 2241, '4', '4', '6', 'CHOCO\r'),
(609, 2241, '4', '4', '7', 'HUANCARQUI\r'),
(610, 2241, '4', '4', '8', 'MACHAGUAY\r'),
(611, 2241, '4', '4', '9', 'ORCOPAMPA\r'),
(612, 2241, '4', '4', '10', 'PAMPACOLCA\r'),
(613, 2241, '4', '4', '11', 'TIPAN\r'),
(614, 2241, '4', '4', '12', 'U?ON\r'),
(615, 2241, '4', '4', '13', 'URACA\r'),
(616, 2241, '4', '4', '14', 'VIRACO\r'),
(617, 2241, '4', '5', '1', 'CHIVAY\r'),
(618, 2241, '4', '5', '2', 'ACHOMA\r'),
(619, 2241, '4', '5', '3', 'CABANACONDE\r'),
(620, 2241, '4', '5', '4', 'CALLALLI\r'),
(621, 2241, '4', '5', '5', 'CAYLLOMA\r'),
(622, 2241, '4', '5', '6', 'COPORAQUE\r'),
(623, 2241, '4', '5', '7', 'HUAMBO\r'),
(624, 2241, '4', '5', '8', 'HUANCA\r'),
(625, 2241, '4', '5', '9', 'ICHUPAMPA\r'),
(626, 2241, '4', '5', '10', 'LARI\r'),
(627, 2241, '4', '5', '11', 'LLUTA\r'),
(628, 2241, '4', '5', '12', 'MACA\r'),
(629, 2241, '4', '5', '13', 'MADRIGAL\r'),
(630, 2241, '4', '5', '14', 'SAN ANTONIO DE CHUCA\r'),
(631, 2241, '4', '5', '15', 'SIBAYO\r'),
(632, 2241, '4', '5', '16', 'TAPAY\r'),
(633, 2241, '4', '5', '17', 'TISCO\r'),
(634, 2241, '4', '5', '18', 'TUTI\r'),
(635, 2241, '4', '5', '19', 'YANQUE\r'),
(636, 2241, '4', '5', '20', 'MAJES\r'),
(637, 2241, '4', '6', '1', 'CHUQUIBAMBA\r'),
(638, 2241, '4', '6', '2', 'ANDARAY\r'),
(639, 2241, '4', '6', '3', 'CAYARANI\r'),
(640, 2241, '4', '6', '4', 'CHICHAS\r'),
(641, 2241, '4', '6', '5', 'IRAY\r'),
(642, 2241, '4', '6', '6', 'RIO GRANDE\r'),
(643, 2241, '4', '6', '7', 'SALAMANCA\r'),
(644, 2241, '4', '6', '8', 'YANAQUIHUA\r'),
(645, 2241, '4', '7', '1', 'MOLLENDO\r'),
(646, 2241, '4', '7', '2', 'COCACHACRA\r'),
(647, 2241, '4', '7', '3', 'DEAN VALDIVIA\r'),
(648, 2241, '4', '7', '4', 'ISLAY\r'),
(649, 2241, '4', '7', '5', 'MEJIA\r'),
(650, 2241, '4', '7', '6', 'PUNTA DE BOMBON\r'),
(651, 2241, '4', '8', '1', 'COTAHUASI\r'),
(652, 2241, '4', '8', '2', 'ALCA\r'),
(653, 2241, '4', '8', '3', 'CHARCANA\r'),
(654, 2241, '4', '8', '4', 'HUAYNACOTAS\r'),
(655, 2241, '4', '8', '5', 'PAMPAMARCA\r'),
(656, 2241, '4', '8', '6', 'PUYCA\r'),
(657, 2241, '4', '8', '7', 'QUECHUALLA\r'),
(658, 2241, '4', '8', '8', 'SAYLA\r'),
(659, 2241, '4', '8', '9', 'TAURIA\r'),
(660, 2241, '4', '8', '10', 'TOMEPAMPA\r'),
(661, 2241, '4', '8', '11', 'TORO\r'),
(662, 2241, '5', '1', '1', 'AYACUCHO\r'),
(663, 2241, '5', '1', '2', 'ACOCRO\r'),
(664, 2241, '5', '1', '3', 'ACOS VINCHOS\r'),
(665, 2241, '5', '1', '4', 'CARMEN ALTO\r'),
(666, 2241, '5', '1', '5', 'CHIARA\r'),
(667, 2241, '5', '1', '6', 'OCROS\r'),
(668, 2241, '5', '1', '7', 'PACAYCASA\r'),
(669, 2241, '5', '1', '8', 'QUINUA\r'),
(670, 2241, '5', '1', '9', 'SAN JOSE DE TICLLAS\r'),
(671, 2241, '5', '1', '10', 'SAN JUAN BAUTISTA\r'),
(672, 2241, '5', '1', '11', 'SANTIAGO DE PISCHA\r'),
(673, 2241, '5', '1', '12', 'SOCOS\r'),
(674, 2241, '5', '1', '13', 'TAMBILLO\r'),
(675, 2241, '5', '1', '14', 'VINCHOS\r'),
(676, 2241, '5', '1', '15', 'JESUS NAZARENO\r'),
(677, 2241, '5', '2', '1', 'CANGALLO\r'),
(678, 2241, '5', '2', '2', 'CHUSCHI\r'),
(679, 2241, '5', '2', '3', 'LOS MOROCHUCOS\r'),
(680, 2241, '5', '2', '4', 'MARIA PARADO DE BELLIDO\r'),
(681, 2241, '5', '2', '5', 'PARAS\r'),
(682, 2241, '5', '2', '6', 'TOTOS\r'),
(683, 2241, '5', '3', '1', 'SANCOS\r'),
(684, 2241, '5', '3', '2', 'CARAPO\r'),
(685, 2241, '5', '3', '3', 'SACSAMARCA\r'),
(686, 2241, '5', '3', '4', 'SANTIAGO DE LUCANAMARCA\r'),
(687, 2241, '5', '4', '1', 'HUANTA\r'),
(688, 2241, '5', '4', '2', 'AYAHUANCO\r'),
(689, 2241, '5', '4', '3', 'HUAMANGUILLA\r'),
(690, 2241, '5', '4', '4', 'IGUAIN\r'),
(691, 2241, '5', '4', '5', 'LURICOCHA\r'),
(692, 2241, '5', '4', '6', 'SANTILLANA\r'),
(693, 2241, '5', '4', '7', 'SIVIA\r'),
(694, 2241, '5', '4', '8', 'LLOCHEGUA\r'),
(695, 2241, '5', '5', '1', 'SAN MIGUEL\r'),
(696, 2241, '5', '5', '2', 'ANCO\r'),
(697, 2241, '5', '5', '3', 'AYNA\r'),
(698, 2241, '5', '5', '4', 'CHILCAS\r'),
(699, 2241, '5', '5', '5', 'CHUNGUI\r'),
(700, 2241, '5', '5', '6', 'LUIS CARRANZA\r'),
(701, 2241, '5', '5', '7', 'SANTA ROSA\r'),
(702, 2241, '5', '5', '8', 'TAMBO\r'),
(703, 2241, '5', '6', '1', 'PUQUIO\r'),
(704, 2241, '5', '6', '2', 'AUCARA\r'),
(705, 2241, '5', '6', '3', 'CABANA\r'),
(706, 2241, '5', '6', '4', 'CARMEN SALCEDO\r'),
(707, 2241, '5', '6', '5', 'CHAVI?A\r'),
(708, 2241, '5', '6', '6', 'CHIPAO\r'),
(709, 2241, '5', '6', '7', 'HUAC-HUAS\r'),
(710, 2241, '5', '6', '8', 'LARAMATE\r'),
(711, 2241, '5', '6', '9', 'LEONCIO PRADO\r'),
(712, 2241, '5', '6', '10', 'LLAUTA\r'),
(713, 2241, '5', '6', '11', 'LUCANAS\r'),
(714, 2241, '5', '6', '12', 'OCA?A\r'),
(715, 2241, '5', '6', '13', 'OTOCA\r'),
(716, 2241, '5', '6', '14', 'SAISA\r'),
(717, 2241, '5', '6', '15', 'SAN CRISTOBAL\r'),
(718, 2241, '5', '6', '16', 'SAN JUAN\r'),
(719, 2241, '5', '6', '17', 'SAN PEDRO\r'),
(720, 2241, '5', '6', '18', 'SAN PEDRO DE PALCO\r'),
(721, 2241, '5', '6', '19', 'SANCOS\r'),
(722, 2241, '5', '6', '20', 'SANTA ANA DE HUAYCAHUACHO\r'),
(723, 2241, '5', '6', '21', 'SANTA LUCIA\r'),
(724, 2241, '5', '7', '1', 'CORACORA\r'),
(725, 2241, '5', '7', '2', 'CHUMPI\r'),
(726, 2241, '5', '7', '3', 'CORONEL CASTA?EDA\r'),
(727, 2241, '5', '7', '4', 'PACAPAUSA\r'),
(728, 2241, '5', '7', '5', 'PULLO\r'),
(729, 2241, '5', '7', '6', 'PUYUSCA\r'),
(730, 2241, '5', '7', '7', 'SAN FRANCISCO DE RAVACAYCO\r'),
(731, 2241, '5', '7', '8', 'UPAHUACHO\r'),
(732, 2241, '5', '8', '1', 'PAUSA\r'),
(733, 2241, '5', '8', '2', 'COLTA\r'),
(734, 2241, '5', '8', '3', 'CORCULLA\r'),
(735, 2241, '5', '8', '4', 'LAMPA\r'),
(736, 2241, '5', '8', '5', 'MARCABAMBA\r'),
(737, 2241, '5', '8', '6', 'OYOLO\r'),
(738, 2241, '5', '8', '7', 'PARARCA\r'),
(739, 2241, '5', '8', '8', 'SAN JAVIER DE ALPABAMBA\r'),
(740, 2241, '5', '8', '9', 'SAN JOSE DE USHUA\r'),
(741, 2241, '5', '8', '10', 'SARA SARA\r'),
(742, 2241, '5', '9', '1', 'QUEROBAMBA\r'),
(743, 2241, '5', '9', '2', 'BELEN\r'),
(744, 2241, '5', '9', '3', 'CHALCOS\r'),
(745, 2241, '5', '9', '4', 'CHILCAYOC\r'),
(746, 2241, '5', '9', '5', 'HUACA?A\r'),
(747, 2241, '5', '9', '6', 'MORCOLLA\r'),
(748, 2241, '5', '9', '7', 'PAICO\r'),
(749, 2241, '5', '9', '8', 'SAN PEDRO DE LARCAY\r'),
(750, 2241, '5', '9', '9', 'SAN SALVADOR DE QUIJE\r'),
(751, 2241, '5', '9', '10', 'SANTIAGO DE PAUCARAY\r'),
(752, 2241, '5', '9', '11', 'SORAS\r'),
(753, 2241, '5', '10', '1', 'HUANCAPI\r'),
(754, 2241, '5', '10', '2', 'ALCAMENCA\r'),
(755, 2241, '5', '10', '3', 'APONGO\r'),
(756, 2241, '5', '10', '4', 'ASQUIPATA\r'),
(757, 2241, '5', '10', '5', 'CANARIA\r'),
(758, 2241, '5', '10', '6', 'CAYARA\r'),
(759, 2241, '5', '10', '7', 'COLCA\r'),
(760, 2241, '5', '10', '8', 'HUAMANQUIQUIA\r'),
(761, 2241, '5', '10', '9', 'HUANCARAYLLA\r'),
(762, 2241, '5', '10', '10', 'HUAYA\r'),
(763, 2241, '5', '10', '11', 'SARHUA\r'),
(764, 2241, '5', '10', '12', 'VILCANCHOS\r'),
(765, 2241, '5', '11', '1', 'VILCAS HUAMAN\r'),
(766, 2241, '5', '11', '2', 'ACCOMARCA\r'),
(767, 2241, '5', '11', '3', 'CARHUANCA\r'),
(768, 2241, '5', '11', '4', 'CONCEPCION\r'),
(769, 2241, '5', '11', '5', 'HUAMBALPA\r'),
(770, 2241, '5', '11', '6', 'INDEPENDENCIA\r'),
(771, 2241, '5', '11', '7', 'SAURAMA\r'),
(772, 2241, '5', '11', '8', 'VISCHONGO\r'),
(773, 2241, '6', '1', '1', 'CAJAMARCA\r'),
(774, 2241, '6', '1', '2', 'ASUNCION\r'),
(775, 2241, '6', '1', '3', 'CHETILLA\r'),
(776, 2241, '6', '1', '4', 'COSPAN\r'),
(777, 2241, '6', '1', '5', 'ENCA?ADA\r'),
(778, 2241, '6', '1', '6', 'JESUS\r'),
(779, 2241, '6', '1', '7', 'LLACANORA\r'),
(780, 2241, '6', '1', '8', 'LOS BA?OS DEL INCA\r'),
(781, 2241, '6', '1', '9', 'MAGDALENA\r'),
(782, 2241, '6', '1', '10', 'MATARA\r'),
(783, 2241, '6', '1', '11', 'NAMORA\r'),
(784, 2241, '6', '1', '12', 'SAN JUAN\r'),
(785, 2241, '6', '2', '1', 'CAJABAMBA\r'),
(786, 2241, '6', '2', '2', 'CACHACHI\r'),
(787, 2241, '6', '2', '3', 'CONDEBAMBA\r'),
(788, 2241, '6', '2', '4', 'SITACOCHA\r'),
(789, 2241, '6', '3', '1', 'CELENDIN\r'),
(790, 2241, '6', '3', '2', 'CHUMUCH\r'),
(791, 2241, '6', '3', '3', 'CORTEGANA\r'),
(792, 2241, '6', '3', '4', 'HUASMIN\r'),
(793, 2241, '6', '3', '5', 'JORGE CHAVEZ\r'),
(794, 2241, '6', '3', '6', 'JOSE GALVEZ\r'),
(795, 2241, '6', '3', '7', 'MIGUEL IGLESIAS\r'),
(796, 2241, '6', '3', '8', 'OXAMARCA\r'),
(797, 2241, '6', '3', '9', 'SOROCHUCO\r'),
(798, 2241, '6', '3', '10', 'SUCRE\r'),
(799, 2241, '6', '3', '11', 'UTCO\r'),
(800, 2241, '6', '3', '12', 'LA LIBERTAD DE PALLAN\r'),
(801, 2241, '6', '4', '1', 'CHOTA\r'),
(802, 2241, '6', '4', '2', 'ANGUIA\r'),
(803, 2241, '6', '4', '3', 'CHADIN\r'),
(804, 2241, '6', '4', '4', 'CHIGUIRIP\r'),
(805, 2241, '6', '4', '5', 'CHIMBAN\r'),
(806, 2241, '6', '4', '6', 'CHOROPAMPA\r'),
(807, 2241, '6', '4', '7', 'COCHABAMBA\r'),
(808, 2241, '6', '4', '8', 'CONCHAN\r'),
(809, 2241, '6', '4', '9', 'HUAMBOS\r'),
(810, 2241, '6', '4', '10', 'LAJAS\r'),
(811, 2241, '6', '4', '11', 'LLAMA\r'),
(812, 2241, '6', '4', '12', 'MIRACOSTA\r'),
(813, 2241, '6', '4', '13', 'PACCHA\r'),
(814, 2241, '6', '4', '14', 'PION\r'),
(815, 2241, '6', '4', '15', 'QUEROCOTO\r'),
(816, 2241, '6', '4', '16', 'SAN JUAN DE LICUPIS\r'),
(817, 2241, '6', '4', '17', 'TACABAMBA\r'),
(818, 2241, '6', '4', '18', 'TOCMOCHE\r'),
(819, 2241, '6', '4', '19', 'CHALAMARCA\r'),
(820, 2241, '6', '5', '1', 'CONTUMAZA\r'),
(821, 2241, '6', '5', '2', 'CHILETE\r'),
(822, 2241, '6', '5', '3', 'CUPISNIQUE\r'),
(823, 2241, '6', '5', '4', 'GUZMANGO\r'),
(824, 2241, '6', '5', '5', 'SAN BENITO\r'),
(825, 2241, '6', '5', '6', 'SANTA CRUZ DE TOLED\r'),
(826, 2241, '6', '5', '7', 'TANTARICA\r'),
(827, 2241, '6', '5', '8', 'YONAN\r'),
(828, 2241, '6', '6', '1', 'CUTERVO\r'),
(829, 2241, '6', '6', '2', 'CALLAYUC\r'),
(830, 2241, '6', '6', '3', 'CHOROS\r'),
(831, 2241, '6', '6', '4', 'CUJILLO\r'),
(832, 2241, '6', '6', '5', 'LA RAMADA\r'),
(833, 2241, '6', '6', '6', 'PIMPINGOS\r'),
(834, 2241, '6', '6', '7', 'QUEROCOTILLO\r'),
(835, 2241, '6', '6', '8', 'SAN ANDRES DE CUTERVO\r'),
(836, 2241, '6', '6', '9', 'SAN JUAN DE CUTERVO\r'),
(837, 2241, '6', '6', '10', 'SAN LUIS DE LUCMA\r'),
(838, 2241, '6', '6', '11', 'SANTA CRUZ\r'),
(839, 2241, '6', '6', '12', 'SANTO DOMINGO DE LA CAPILLA\r'),
(840, 2241, '6', '6', '13', 'SANTO TOMAS\r'),
(841, 2241, '6', '6', '14', 'SOCOTA\r'),
(842, 2241, '6', '6', '15', 'TORIBIO CASANOVA\r'),
(843, 2241, '6', '7', '1', 'BAMBAMARCA\r'),
(844, 2241, '6', '7', '2', 'CHUGUR\r'),
(845, 2241, '6', '7', '3', 'HUALGAYOC\r'),
(846, 2241, '6', '8', '1', 'JAEN\r'),
(847, 2241, '6', '8', '2', 'BELLAVISTA\r'),
(848, 2241, '6', '8', '3', 'CHONTALI\r'),
(849, 2241, '6', '8', '4', 'COLASAY\r'),
(850, 2241, '6', '8', '5', 'HUABAL\r'),
(851, 2241, '6', '8', '6', 'LAS PIRIAS\r'),
(852, 2241, '6', '8', '7', 'POMAHUACA\r'),
(853, 2241, '6', '8', '8', 'PUCARA\r'),
(854, 2241, '6', '8', '9', 'SALLIQUE\r'),
(855, 2241, '6', '8', '10', 'SAN FELIPE\r'),
(856, 2241, '6', '8', '11', 'SAN JOSE DEL ALTO\r'),
(857, 2241, '6', '8', '12', 'SANTA ROSA\r'),
(858, 2241, '6', '9', '1', 'SAN IGNACIO\r'),
(859, 2241, '6', '9', '2', 'CHIRINOS\r'),
(860, 2241, '6', '9', '3', 'HUARANGO\r'),
(861, 2241, '6', '9', '4', 'LA COIPA\r'),
(862, 2241, '6', '9', '5', 'NAMBALLE\r'),
(863, 2241, '6', '9', '6', 'SAN JOSE DE LOURDES\r'),
(864, 2241, '6', '9', '7', 'TABACONAS\r'),
(865, 2241, '6', '10', '1', 'PEDRO GALVEZ\r'),
(866, 2241, '6', '10', '2', 'CHANCAY\r'),
(867, 2241, '6', '10', '3', 'EDUARDO VILLANUEVA\r'),
(868, 2241, '6', '10', '4', 'GREGORIO PITA\r'),
(869, 2241, '6', '10', '5', 'ICHOCAN\r'),
(870, 2241, '6', '10', '6', 'JOSE MANUEL QUIROZ\r'),
(871, 2241, '6', '10', '7', 'JOSE SABOGAL\r'),
(872, 2241, '6', '11', '1', 'SAN MIGUEL\r'),
(873, 2241, '6', '11', '2', 'BOLIVAR\r'),
(874, 2241, '6', '11', '3', 'CALQUIS\r'),
(875, 2241, '6', '11', '4', 'CATILLUC\r'),
(876, 2241, '6', '11', '5', 'EL PRADO\r'),
(877, 2241, '6', '11', '6', 'LA FLORIDA\r'),
(878, 2241, '6', '11', '7', 'LLAPA\r'),
(879, 2241, '6', '11', '8', 'NANCHOC\r'),
(880, 2241, '6', '11', '9', 'NIEPOS\r'),
(881, 2241, '6', '11', '10', 'SAN GREGORIO\r'),
(882, 2241, '6', '11', '11', 'SAN SILVESTRE DE COCHAN\r'),
(883, 2241, '6', '11', '12', 'TONGOD\r'),
(884, 2241, '6', '11', '13', 'UNION AGUA BLANCA\r'),
(885, 2241, '6', '12', '1', 'SAN PABLO\r'),
(886, 2241, '6', '12', '2', 'SAN BERNARDINO\r'),
(887, 2241, '6', '12', '3', 'SAN LUIS\r'),
(888, 2241, '6', '12', '4', 'TUMBADEN\r'),
(889, 2241, '6', '13', '1', 'SANTA CRUZ\r'),
(890, 2241, '6', '13', '2', 'ANDABAMBA\r'),
(891, 2241, '6', '13', '3', 'CATACHE\r'),
(892, 2241, '6', '13', '4', 'CHANCAYBA?OS\r'),
(893, 2241, '6', '13', '5', 'LA ESPERANZA\r'),
(894, 2241, '6', '13', '6', 'NINABAMBA\r'),
(895, 2241, '6', '13', '7', 'PULAN\r'),
(896, 2241, '6', '13', '8', 'SAUCEPAMPA\r'),
(897, 2241, '6', '13', '9', 'SEXI\r'),
(898, 2241, '6', '13', '10', 'UTICYACU\r'),
(899, 2241, '6', '13', '11', 'YAUYUCAN\r'),
(900, 2241, '7', '1', '1', 'CALLAO\r'),
(901, 2241, '7', '1', '2', 'BELLAVISTA\r'),
(902, 2241, '7', '1', '3', 'CARMEN DE LA LEGUA REYNOSO\r'),
(903, 2241, '7', '1', '4', 'LA PERLA\r'),
(904, 2241, '7', '1', '5', 'LA PUNTA\r'),
(905, 2241, '7', '1', '6', 'VENTANILLA\r'),
(906, 2241, '8', '1', '1', 'CUSCO\r'),
(907, 2241, '8', '1', '2', 'CCORCA\r'),
(908, 2241, '8', '1', '3', 'POROY\r'),
(909, 2241, '8', '1', '4', 'SAN JERONIMO\r'),
(910, 2241, '8', '1', '5', 'SAN SEBASTIAN\r'),
(911, 2241, '8', '1', '6', 'SANTIAGO\r'),
(912, 2241, '8', '1', '7', 'SAYLLA\r'),
(913, 2241, '8', '1', '8', 'WANCHAQ\r'),
(914, 2241, '8', '2', '1', 'ACOMAYO\r'),
(915, 2241, '8', '2', '2', 'ACOPIA\r'),
(916, 2241, '8', '2', '3', 'ACOS\r'),
(917, 2241, '8', '2', '4', 'MOSOC LLACTA\r'),
(918, 2241, '8', '2', '5', 'POMACANCHI\r'),
(919, 2241, '8', '2', '6', 'RONDOCAN\r'),
(920, 2241, '8', '2', '7', 'SANGARARA\r'),
(921, 2241, '8', '3', '1', 'ANTA\r'),
(922, 2241, '8', '3', '2', 'ANCAHUASI\r'),
(923, 2241, '8', '3', '3', 'CACHIMAYO\r'),
(924, 2241, '8', '3', '4', 'CHINCHAYPUJIO\r'),
(925, 2241, '8', '3', '5', 'HUAROCONDO\r'),
(926, 2241, '8', '3', '6', 'LIMATAMBO\r'),
(927, 2241, '8', '3', '7', 'MOLLEPATA\r'),
(928, 2241, '8', '3', '8', 'PUCYURA\r'),
(929, 2241, '8', '3', '9', 'ZURITE\r'),
(930, 2241, '8', '4', '1', 'CALCA\r'),
(931, 2241, '8', '4', '2', 'COYA\r'),
(932, 2241, '8', '4', '3', 'LAMAY\r'),
(933, 2241, '8', '4', '4', 'LARES\r'),
(934, 2241, '8', '4', '5', 'PISAC\r'),
(935, 2241, '8', '4', '6', 'SAN SALVADOR\r'),
(936, 2241, '8', '4', '7', 'TARAY\r'),
(937, 2241, '8', '4', '8', 'YANATILE\r'),
(938, 2241, '8', '5', '1', 'YANAOCA\r'),
(939, 2241, '8', '5', '2', 'CHECCA\r'),
(940, 2241, '8', '5', '3', 'KUNTURKANKI\r'),
(941, 2241, '8', '5', '4', 'LANGUI\r'),
(942, 2241, '8', '5', '5', 'LAYO\r'),
(943, 2241, '8', '5', '6', 'PAMPAMARCA\r'),
(944, 2241, '8', '5', '7', 'QUEHUE\r'),
(945, 2241, '8', '5', '8', 'TUPAC AMARU\r'),
(946, 2241, '8', '6', '1', 'SICUANI\r'),
(947, 2241, '8', '6', '2', 'CHECACUPE\r'),
(948, 2241, '8', '6', '3', 'COMBAPATA\r'),
(949, 2241, '8', '6', '4', 'MARANGANI\r'),
(950, 2241, '8', '6', '5', 'PITUMARCA\r'),
(951, 2241, '8', '6', '6', 'SAN PABLO\r'),
(952, 2241, '8', '6', '7', 'SAN PEDRO\r'),
(953, 2241, '8', '6', '8', 'TINTA\r'),
(954, 2241, '8', '7', '1', 'SANTO TOMAS\r'),
(955, 2241, '8', '7', '2', 'CAPACMARCA\r'),
(956, 2241, '8', '7', '3', 'CHAMACA\r'),
(957, 2241, '8', '7', '4', 'COLQUEMARCA\r'),
(958, 2241, '8', '7', '5', 'LIVITACA\r'),
(959, 2241, '8', '7', '6', 'LLUSCO\r'),
(960, 2241, '8', '7', '7', 'QUI?OTA\r'),
(961, 2241, '8', '7', '8', 'VELILLE\r'),
(962, 2241, '8', '8', '1', 'ESPINAR\r'),
(963, 2241, '8', '8', '2', 'CONDOROMA\r'),
(964, 2241, '8', '8', '3', 'COPORAQUE\r'),
(965, 2241, '8', '8', '4', 'OCORURO\r'),
(966, 2241, '8', '8', '5', 'PALLPATA\r'),
(967, 2241, '8', '8', '6', 'PICHIGUA\r'),
(968, 2241, '8', '8', '7', 'SUYCKUTAMBO\r'),
(969, 2241, '8', '8', '8', 'ALTO PICHIGUA\r'),
(970, 2241, '8', '9', '1', 'SANTA ANA\r'),
(971, 2241, '8', '9', '2', 'ECHARATE\r'),
(972, 2241, '8', '9', '3', 'HUAYOPATA\r'),
(973, 2241, '8', '9', '4', 'MARANURA\r'),
(974, 2241, '8', '9', '5', 'OCOBAMBA\r'),
(975, 2241, '8', '9', '6', 'QUELLOUNO\r'),
(976, 2241, '8', '9', '7', 'KIMBIRI\r'),
(977, 2241, '8', '9', '8', 'SANTA TERESA\r'),
(978, 2241, '8', '9', '9', 'VILCABAMBA\r'),
(979, 2241, '8', '9', '10', 'PICHARI\r'),
(980, 2241, '8', '10', '1', 'PARURO\r'),
(981, 2241, '8', '10', '2', 'ACCHA\r'),
(982, 2241, '8', '10', '3', 'CCAPI\r'),
(983, 2241, '8', '10', '4', 'COLCHA\r'),
(984, 2241, '8', '10', '5', 'HUANOQUITE\r'),
(985, 2241, '8', '10', '6', 'OMACHA\r'),
(986, 2241, '8', '10', '7', 'PACCARITAMBO\r'),
(987, 2241, '8', '10', '8', 'PILLPINTO\r'),
(988, 2241, '8', '10', '9', 'YAURISQUE\r'),
(989, 2241, '8', '11', '1', 'PAUCARTAMBO\r'),
(990, 2241, '8', '11', '2', 'CAICAY\r'),
(991, 2241, '8', '11', '3', 'CHALLABAMBA\r'),
(992, 2241, '8', '11', '4', 'COLQUEPATA\r'),
(993, 2241, '8', '11', '5', 'HUANCARANI\r'),
(994, 2241, '8', '11', '6', 'KOS?IPATA\r'),
(995, 2241, '8', '12', '1', 'URCOS\r'),
(996, 2241, '8', '12', '2', 'ANDAHUAYLILLAS\r'),
(997, 2241, '8', '12', '3', 'CAMANTI\r'),
(998, 2241, '8', '12', '4', 'CCARHUAYO\r'),
(999, 2241, '8', '12', '5', 'CCATCA\r'),
(1000, 2241, '8', '12', '6', 'CUSIPATA\r'),
(1001, 2241, '8', '12', '7', 'HUARO\r'),
(1002, 2241, '8', '12', '8', 'LUCRE\r'),
(1003, 2241, '8', '12', '9', 'MARCAPATA\r'),
(1004, 2241, '8', '12', '10', 'OCONGATE\r'),
(1005, 2241, '8', '12', '11', 'OROPESA\r'),
(1006, 2241, '8', '12', '12', 'QUIQUIJANA\r'),
(1007, 2241, '8', '13', '1', 'URUBAMBA\r'),
(1008, 2241, '8', '13', '2', 'CHINCHERO\r'),
(1009, 2241, '8', '13', '3', 'HUAYLLABAMBA\r'),
(1010, 2241, '8', '13', '4', 'MACHUPICCHU\r'),
(1011, 2241, '8', '13', '5', 'MARAS\r'),
(1012, 2241, '8', '13', '6', 'OLLANTAYTAMBO\r'),
(1013, 2241, '8', '13', '7', 'YUCAY\r'),
(1014, 2241, '9', '1', '1', 'HUANCAVELICA\r'),
(1015, 2241, '9', '1', '2', 'ACOBAMBILLA\r'),
(1016, 2241, '9', '1', '3', 'ACORIA\r'),
(1017, 2241, '9', '1', '4', 'CONAYCA\r'),
(1018, 2241, '9', '1', '5', 'CUENCA\r'),
(1019, 2241, '9', '1', '6', 'HUACHOCOLPA\r'),
(1020, 2241, '9', '1', '7', 'HUAYLLAHUARA\r'),
(1021, 2241, '9', '1', '8', 'IZCUCHACA\r'),
(1022, 2241, '9', '1', '9', 'LARIA\r'),
(1023, 2241, '9', '1', '10', 'MANTA\r'),
(1024, 2241, '9', '1', '11', 'MARISCAL CACERES\r'),
(1025, 2241, '9', '1', '12', 'MOYA\r'),
(1026, 2241, '9', '1', '13', 'NUEVO OCCORO\r'),
(1027, 2241, '9', '1', '14', 'PALCA\r'),
(1028, 2241, '9', '1', '15', 'PILCHACA\r'),
(1029, 2241, '9', '1', '16', 'VILCA\r'),
(1030, 2241, '9', '1', '17', 'YAULI\r'),
(1031, 2241, '9', '1', '18', 'ASCENSION\r'),
(1032, 2241, '9', '1', '19', 'HUANDO\r'),
(1033, 2241, '9', '2', '1', 'ACOBAMBA\r'),
(1034, 2241, '9', '2', '2', 'ANDABAMBA\r'),
(1035, 2241, '9', '2', '3', 'ANTA\r'),
(1036, 2241, '9', '2', '4', 'CAJA\r'),
(1037, 2241, '9', '2', '5', 'MARCAS\r'),
(1038, 2241, '9', '2', '6', 'PAUCARA\r'),
(1039, 2241, '9', '2', '7', 'POMACOCHA\r'),
(1040, 2241, '9', '2', '8', 'ROSARIO\r'),
(1041, 2241, '9', '3', '1', 'LIRCAY\r'),
(1042, 2241, '9', '3', '2', 'ANCHONGA\r'),
(1043, 2241, '9', '3', '3', 'CALLANMARCA\r'),
(1044, 2241, '9', '3', '4', 'CCOCHACCASA\r'),
(1045, 2241, '9', '3', '5', 'CHINCHO\r'),
(1046, 2241, '9', '3', '6', 'CONGALLA\r'),
(1047, 2241, '9', '3', '7', 'HUANCA-HUANCA\r'),
(1048, 2241, '9', '3', '8', 'HUAYLLAY GRANDE\r'),
(1049, 2241, '9', '3', '9', 'JULCAMARCA\r'),
(1050, 2241, '9', '3', '10', 'SAN ANTONIO DE ANTAPARCO\r'),
(1051, 2241, '9', '3', '11', 'SANTO TOMAS DE PATA\r'),
(1052, 2241, '9', '3', '12', 'SECCLLA\r'),
(1053, 2241, '9', '4', '1', 'CASTROVIRREYNA\r'),
(1054, 2241, '9', '4', '2', 'ARMA\r'),
(1055, 2241, '9', '4', '3', 'AURAHUA\r'),
(1056, 2241, '9', '4', '4', 'CAPILLAS\r'),
(1057, 2241, '9', '4', '5', 'CHUPAMARCA\r'),
(1058, 2241, '9', '4', '6', 'COCAS\r'),
(1059, 2241, '9', '4', '7', 'HUACHOS\r'),
(1060, 2241, '9', '4', '8', 'HUAMATAMBO\r'),
(1061, 2241, '9', '4', '9', 'MOLLEPAMPA\r'),
(1062, 2241, '9', '4', '10', 'SAN JUAN\r'),
(1063, 2241, '9', '4', '11', 'SANTA ANA\r'),
(1064, 2241, '9', '4', '12', 'TANTARA\r'),
(1065, 2241, '9', '4', '13', 'TICRAPO\r'),
(1066, 2241, '9', '5', '1', 'CHURCAMPA\r'),
(1067, 2241, '9', '5', '2', 'ANCO\r'),
(1068, 2241, '9', '5', '3', 'CHINCHIHUASI\r'),
(1069, 2241, '9', '5', '4', 'EL CARMEN\r'),
(1070, 2241, '9', '5', '5', 'LA MERCED\r'),
(1071, 2241, '9', '5', '6', 'LOCROJA\r'),
(1072, 2241, '9', '5', '7', 'PAUCARBAMBA\r'),
(1073, 2241, '9', '5', '8', 'SAN MIGUEL DE MAYOCC\r'),
(1074, 2241, '9', '5', '9', 'SAN PEDRO DE CORIS\r'),
(1075, 2241, '9', '5', '10', 'PACHAMARCA\r'),
(1076, 2241, '9', '6', '1', 'HUAYTARA\r'),
(1077, 2241, '9', '6', '2', 'AYAVI\r'),
(1078, 2241, '9', '6', '3', 'CORDOVA\r'),
(1079, 2241, '9', '6', '4', 'HUAYACUNDO ARMA\r'),
(1080, 2241, '9', '6', '5', 'LARAMARCA\r'),
(1081, 2241, '9', '6', '6', 'OCOYO\r'),
(1082, 2241, '9', '6', '7', 'PILPICHACA\r'),
(1083, 2241, '9', '6', '8', 'QUERCO\r'),
(1084, 2241, '9', '6', '9', 'QUITO-ARMA\r'),
(1085, 2241, '9', '6', '10', 'SAN ANTONIO DE CUSICANCHA\r'),
(1086, 2241, '9', '6', '11', 'SAN FRANCISCO DE SANGAYAICO\r'),
(1087, 2241, '9', '6', '12', 'SAN ISIDRO\r'),
(1088, 2241, '9', '6', '13', 'SANTIAGO DE CHOCORVOS\r'),
(1089, 2241, '9', '6', '14', 'SANTIAGO DE QUIRAHUARA\r'),
(1090, 2241, '9', '6', '15', 'SANTO DOMINGO DE CAPILLAS\r'),
(1091, 2241, '9', '6', '16', 'TAMBO\r'),
(1092, 2241, '9', '7', '1', 'PAMPAS\r'),
(1093, 2241, '9', '7', '2', 'ACOSTAMBO\r'),
(1094, 2241, '9', '7', '3', 'ACRAQUIA\r'),
(1095, 2241, '9', '7', '4', 'AHUAYCHA\r'),
(1096, 2241, '9', '7', '5', 'COLCABAMBA\r'),
(1097, 2241, '9', '7', '6', 'DANIEL HERNANDEZ\r'),
(1098, 2241, '9', '7', '7', 'HUACHOCOLPA\r'),
(1099, 2241, '9', '7', '9', 'HUARIBAMBA\r'),
(1100, 2241, '9', '7', '10', '?AHUIMPUQUIO\r'),
(1101, 2241, '9', '7', '11', 'PAZOS\r'),
(1102, 2241, '9', '7', '13', 'QUISHUAR\r'),
(1103, 2241, '9', '7', '14', 'SALCABAMBA\r'),
(1104, 2241, '9', '7', '15', 'SALCAHUASI\r'),
(1105, 2241, '9', '7', '16', 'SAN MARCOS DE ROCCHAC\r'),
(1106, 2241, '9', '7', '17', 'SURCUBAMBA\r'),
(1107, 2241, '9', '7', '18', 'TINTAY PUNCU\r'),
(1108, 2241, '10', '1', '1', 'HUANUCO\r'),
(1109, 2241, '10', '1', '2', 'AMARILIS\r'),
(1110, 2241, '10', '1', '3', 'CHINCHAO\r'),
(1111, 2241, '10', '1', '4', 'CHURUBAMBA\r'),
(1112, 2241, '10', '1', '5', 'MARGOS\r'),
(1113, 2241, '10', '1', '6', 'QUISQUI\r'),
(1114, 2241, '10', '1', '7', 'SAN FRANCISCO DE CAYRAN\r'),
(1115, 2241, '10', '1', '8', 'SAN PEDRO DE CHAULAN\r'),
(1116, 2241, '10', '1', '9', 'SANTA MARIA DEL VALLE\r'),
(1117, 2241, '10', '1', '10', 'YARUMAYO\r'),
(1118, 2241, '10', '1', '11', 'PILLCO MARCA\r'),
(1119, 2241, '10', '2', '1', 'AMBO\r'),
(1120, 2241, '10', '2', '2', 'CAYNA\r'),
(1121, 2241, '10', '2', '3', 'COLPAS\r'),
(1122, 2241, '10', '2', '4', 'CONCHAMARCA\r'),
(1123, 2241, '10', '2', '5', 'HUACAR\r'),
(1124, 2241, '10', '2', '6', 'SAN FRANCISCO\r'),
(1125, 2241, '10', '2', '7', 'SAN RAFAEL\r'),
(1126, 2241, '10', '2', '8', 'TOMAY KICHWA\r'),
(1127, 2241, '10', '3', '1', 'LA UNION\r'),
(1128, 2241, '10', '3', '7', 'CHUQUIS\r'),
(1129, 2241, '10', '3', '11', 'MARIAS\r'),
(1130, 2241, '10', '3', '13', 'PACHAS\r'),
(1131, 2241, '10', '3', '16', 'QUIVILLA\r'),
(1132, 2241, '10', '3', '17', 'RIPAN\r'),
(1133, 2241, '10', '3', '21', 'SHUNQUI\r'),
(1134, 2241, '10', '3', '22', 'SILLAPATA\r'),
(1135, 2241, '10', '3', '23', 'YANAS\r'),
(1136, 2241, '10', '4', '1', 'HUACAYBAMBA\r'),
(1137, 2241, '10', '4', '2', 'CANCHABAMBA\r'),
(1138, 2241, '10', '4', '3', 'COCHABAMBA\r'),
(1139, 2241, '10', '4', '4', 'PINRA\r'),
(1140, 2241, '10', '5', '1', 'LLATA\r'),
(1141, 2241, '10', '5', '2', 'ARANCAY\r'),
(1142, 2241, '10', '5', '3', 'CHAVIN DE PARIARCA\r'),
(1143, 2241, '10', '5', '4', 'JACAS GRANDE\r'),
(1144, 2241, '10', '5', '5', 'JIRCAN\r'),
(1145, 2241, '10', '5', '6', 'MIRAFLORES\r'),
(1146, 2241, '10', '5', '7', 'MONZON\r'),
(1147, 2241, '10', '5', '8', 'PUNCHAO\r'),
(1148, 2241, '10', '5', '9', 'PU?OS\r'),
(1149, 2241, '10', '5', '10', 'SINGA\r'),
(1150, 2241, '10', '5', '11', 'TANTAMAYO\r'),
(1151, 2241, '10', '6', '1', 'RUPA-RUPA\r'),
(1152, 2241, '10', '6', '2', 'DANIEL ALOMIAS ROBLES\r'),
(1153, 2241, '10', '6', '3', 'HERMILIO VALDIZAN\r'),
(1154, 2241, '10', '6', '4', 'JOSE CRESPO Y CASTILLO\r'),
(1155, 2241, '10', '6', '5', 'LUYANDO\r'),
(1156, 2241, '10', '6', '6', 'MARIANO DAMASO BERAUN\r'),
(1157, 2241, '10', '7', '1', 'HUACRACHUCO\r'),
(1158, 2241, '10', '7', '2', 'CHOLON\r'),
(1159, 2241, '10', '7', '3', 'SAN BUENAVENTURA\r'),
(1160, 2241, '10', '8', '1', 'PANAO\r'),
(1161, 2241, '10', '8', '2', 'CHAGLLA\r'),
(1162, 2241, '10', '8', '3', 'MOLINO\r'),
(1163, 2241, '10', '8', '4', 'UMARI\r'),
(1164, 2241, '10', '9', '1', 'PUERTO INCA\r'),
(1165, 2241, '10', '9', '2', 'CODO DEL POZUZO\r'),
(1166, 2241, '10', '9', '3', 'HONORIA\r'),
(1167, 2241, '10', '9', '4', 'TOURNAVISTA\r'),
(1168, 2241, '10', '9', '5', 'YUYAPICHIS\r'),
(1169, 2241, '10', '10', '1', 'JESUS\r'),
(1170, 2241, '10', '10', '2', 'BA?OS\r'),
(1171, 2241, '10', '10', '3', 'JIVIA\r'),
(1172, 2241, '10', '10', '4', 'QUEROPALCA\r'),
(1173, 2241, '10', '10', '5', 'RONDOS\r'),
(1174, 2241, '10', '10', '6', 'SAN FRANCISCO DE ASIS\r'),
(1175, 2241, '10', '10', '7', 'SAN MIGUEL DE CAURI\r'),
(1176, 2241, '10', '11', '1', 'CHAVINILLO\r'),
(1177, 2241, '10', '11', '2', 'CAHUAC\r'),
(1178, 2241, '10', '11', '3', 'CHACABAMBA\r'),
(1179, 2241, '10', '11', '4', 'APARICIO POMARES\r'),
(1180, 2241, '10', '11', '5', 'JACAS CHICO\r'),
(1181, 2241, '10', '11', '6', 'OBAS\r'),
(1182, 2241, '10', '11', '7', 'PAMPAMARCA\r'),
(1183, 2241, '10', '11', '8', 'CHORAS\r'),
(1184, 2241, '11', '1', '1', 'ICA\r'),
(1185, 2241, '11', '1', '2', 'LA TINGUI?A\r'),
(1186, 2241, '11', '1', '3', 'LOS AQUIJES\r'),
(1187, 2241, '11', '1', '4', 'OCUCAJE\r'),
(1188, 2241, '11', '1', '5', 'PACHACUTEC\r'),
(1189, 2241, '11', '1', '6', 'PARCONA\r'),
(1190, 2241, '11', '1', '7', 'PUEBLO NUEVO\r'),
(1191, 2241, '11', '1', '8', 'SALAS\r'),
(1192, 2241, '11', '1', '9', 'SAN JOSE DE LOS MOLINOS\r'),
(1193, 2241, '11', '1', '10', 'SAN JUAN BAUTISTA\r'),
(1194, 2241, '11', '1', '11', 'SANTIAGO\r'),
(1195, 2241, '11', '1', '12', 'SUBTANJALLA\r'),
(1196, 2241, '11', '1', '13', 'TATE\r'),
(1197, 2241, '11', '1', '14', 'YAUCA DEL ROSARIO\r');
INSERT INTO `ubigeo` (`nUbiId`, `nPaiId`, `cUbiIdDepartamento`, `cUbiIdProvincia`, `cUbiIdDistrito`, `cUbiDescripcion`) VALUES
(1198, 2241, '11', '2', '1', 'CHINCHA ALTA\r'),
(1199, 2241, '11', '2', '2', 'ALTO LARAN\r'),
(1200, 2241, '11', '2', '3', 'CHAVIN\r'),
(1201, 2241, '11', '2', '4', 'CHINCHA BAJA\r'),
(1202, 2241, '11', '2', '5', 'EL CARMEN\r'),
(1203, 2241, '11', '2', '6', 'GROCIO PRADO\r'),
(1204, 2241, '11', '2', '7', 'PUEBLO NUEVO\r'),
(1205, 2241, '11', '2', '8', 'SAN JUAN DE YANAC\r'),
(1206, 2241, '11', '2', '9', 'SAN PEDRO DE HUACARPANA\r'),
(1207, 2241, '11', '2', '10', 'SUNAMPE\r'),
(1208, 2241, '11', '2', '11', 'TAMBO DE MORA\r'),
(1209, 2241, '11', '3', '1', 'NAZCA\r'),
(1210, 2241, '11', '3', '2', 'CHANGUILLO\r'),
(1211, 2241, '11', '3', '3', 'EL INGENIO\r'),
(1212, 2241, '11', '3', '4', 'MARCONA\r'),
(1213, 2241, '11', '3', '5', 'VISTA ALEGRE\r'),
(1214, 2241, '11', '4', '1', 'PALPA\r'),
(1215, 2241, '11', '4', '2', 'LLIPATA\r'),
(1216, 2241, '11', '4', '3', 'RIO GRANDE\r'),
(1217, 2241, '11', '4', '4', 'SANTA CRUZ\r'),
(1218, 2241, '11', '4', '5', 'TIBILLO\r'),
(1219, 2241, '11', '5', '1', 'PISCO\r'),
(1220, 2241, '11', '5', '2', 'HUANCANO\r'),
(1221, 2241, '11', '5', '3', 'HUMAY\r'),
(1222, 2241, '11', '5', '4', 'INDEPENDENCIA\r'),
(1223, 2241, '11', '5', '5', 'PARACAS\r'),
(1224, 2241, '11', '5', '6', 'SAN ANDRES\r'),
(1225, 2241, '11', '5', '7', 'SAN CLEMENTE\r'),
(1226, 2241, '11', '5', '8', 'TUPAC AMARU INCA\r'),
(1227, 2241, '12', '1', '1', 'HUANCAYO\r'),
(1228, 2241, '12', '1', '4', 'CARHUACALLANGA\r'),
(1229, 2241, '12', '1', '5', 'CHACAPAMPA\r'),
(1230, 2241, '12', '1', '6', 'CHICCHE\r'),
(1231, 2241, '12', '1', '7', 'CHILCA\r'),
(1232, 2241, '12', '1', '8', 'CHONGOS ALTO\r'),
(1233, 2241, '12', '1', '11', 'CHUPURO\r'),
(1234, 2241, '12', '1', '12', 'COLCA\r'),
(1235, 2241, '12', '1', '13', 'CULLHUAS\r'),
(1236, 2241, '12', '1', '14', 'EL TAMBO\r'),
(1237, 2241, '12', '1', '16', 'HUACRAPUQUIO\r'),
(1238, 2241, '12', '1', '17', 'HUALHUAS\r'),
(1239, 2241, '12', '1', '19', 'HUANCAN\r'),
(1240, 2241, '12', '1', '20', 'HUASICANCHA\r'),
(1241, 2241, '12', '1', '21', 'HUAYUCACHI\r'),
(1242, 2241, '12', '1', '22', 'INGENIO\r'),
(1243, 2241, '12', '1', '24', 'PARIAHUANCA\r'),
(1244, 2241, '12', '1', '25', 'PILCOMAYO\r'),
(1245, 2241, '12', '1', '26', 'PUCARA\r'),
(1246, 2241, '12', '1', '27', 'QUICHUAY\r'),
(1247, 2241, '12', '1', '28', 'QUILCAS\r'),
(1248, 2241, '12', '1', '29', 'SAN AGUSTIN\r'),
(1249, 2241, '12', '1', '30', 'SAN JERONIMO DE TUNAN\r'),
(1250, 2241, '12', '1', '32', 'SA?O\r'),
(1251, 2241, '12', '1', '33', 'SAPALLANGA\r'),
(1252, 2241, '12', '1', '34', 'SICAYA\r'),
(1253, 2241, '12', '1', '35', 'SANTO DOMINGO DE ACOBAMBA\r'),
(1254, 2241, '12', '1', '36', 'VIQUES\r'),
(1255, 2241, '12', '2', '1', 'CONCEPCION\r'),
(1256, 2241, '12', '2', '2', 'ACO\r'),
(1257, 2241, '12', '2', '3', 'ANDAMARCA\r'),
(1258, 2241, '12', '2', '4', 'CHAMBARA\r'),
(1259, 2241, '12', '2', '5', 'COCHAS\r'),
(1260, 2241, '12', '2', '6', 'COMAS\r'),
(1261, 2241, '12', '2', '7', 'HEROINAS TOLEDO\r'),
(1262, 2241, '12', '2', '8', 'MANZANARES\r'),
(1263, 2241, '12', '2', '9', 'MARISCAL CASTILLA\r'),
(1264, 2241, '12', '2', '10', 'MATAHUASI\r'),
(1265, 2241, '12', '2', '11', 'MITO\r'),
(1266, 2241, '12', '2', '12', 'NUEVE DE JULIO\r'),
(1267, 2241, '12', '2', '13', 'ORCOTUNA\r'),
(1268, 2241, '12', '2', '14', 'SAN JOSE DE QUERO\r'),
(1269, 2241, '12', '2', '15', 'SANTA ROSA DE OCOPA\r'),
(1270, 2241, '12', '3', '1', 'CHANCHAMAYO\r'),
(1271, 2241, '12', '3', '2', 'PERENE\r'),
(1272, 2241, '12', '3', '3', 'PICHANAQUI\r'),
(1273, 2241, '12', '3', '4', 'SAN LUIS DE SHUARO\r'),
(1274, 2241, '12', '3', '5', 'SAN RAMON\r'),
(1275, 2241, '12', '3', '6', 'VITOC\r'),
(1276, 2241, '12', '4', '1', 'JAUJA\r'),
(1277, 2241, '12', '4', '2', 'ACOLLA\r'),
(1278, 2241, '12', '4', '3', 'APATA\r'),
(1279, 2241, '12', '4', '4', 'ATAURA\r'),
(1280, 2241, '12', '4', '5', 'CANCHAYLLO\r'),
(1281, 2241, '12', '4', '6', 'CURICACA\r'),
(1282, 2241, '12', '4', '7', 'EL MANTARO\r'),
(1283, 2241, '12', '4', '8', 'HUAMALI\r'),
(1284, 2241, '12', '4', '9', 'HUARIPAMPA\r'),
(1285, 2241, '12', '4', '10', 'HUERTAS\r'),
(1286, 2241, '12', '4', '11', 'JANJAILLO\r'),
(1287, 2241, '12', '4', '12', 'JULCAN\r'),
(1288, 2241, '12', '4', '13', 'LEONOR ORDO?EZ\r'),
(1289, 2241, '12', '4', '14', 'LLOCLLAPAMPA\r'),
(1290, 2241, '12', '4', '15', 'MARCO\r'),
(1291, 2241, '12', '4', '16', 'MASMA\r'),
(1292, 2241, '12', '4', '17', 'MASMA CHICCHE\r'),
(1293, 2241, '12', '4', '18', 'MOLINOS\r'),
(1294, 2241, '12', '4', '19', 'MONOBAMBA\r'),
(1295, 2241, '12', '4', '20', 'MUQUI\r'),
(1296, 2241, '12', '4', '21', 'MUQUIYAUYO\r'),
(1297, 2241, '12', '4', '22', 'PACA\r'),
(1298, 2241, '12', '4', '23', 'PACCHA\r'),
(1299, 2241, '12', '4', '24', 'PANCAN\r'),
(1300, 2241, '12', '4', '25', 'PARCO\r'),
(1301, 2241, '12', '4', '26', 'POMACANCHA\r'),
(1302, 2241, '12', '4', '27', 'RICRAN\r'),
(1303, 2241, '12', '4', '28', 'SAN LORENZO\r'),
(1304, 2241, '12', '4', '29', 'SAN PEDRO DE CHUNAN\r'),
(1305, 2241, '12', '4', '30', 'SAUSA\r'),
(1306, 2241, '12', '4', '31', 'SINCOS\r'),
(1307, 2241, '12', '4', '32', 'TUNAN MARCA\r'),
(1308, 2241, '12', '4', '33', 'YAULI\r'),
(1309, 2241, '12', '4', '34', 'YAUYOS\r'),
(1310, 2241, '12', '5', '1', 'JUNIN\r'),
(1311, 2241, '12', '5', '2', 'CARHUAMAYO\r'),
(1312, 2241, '12', '5', '3', 'ONDORES\r'),
(1313, 2241, '12', '5', '4', 'ULCUMAYO\r'),
(1314, 2241, '12', '6', '1', 'SATIPO\r'),
(1315, 2241, '12', '6', '2', 'COVIRIALI\r'),
(1316, 2241, '12', '6', '3', 'LLAYLLA\r'),
(1317, 2241, '12', '6', '4', 'MAZAMARI\r'),
(1318, 2241, '12', '6', '5', 'PAMPA HERMOSA\r'),
(1319, 2241, '12', '6', '6', 'PANGOA\r'),
(1320, 2241, '12', '6', '7', 'RIO NEGRO\r'),
(1321, 2241, '12', '6', '8', 'RIO TAMBO\r'),
(1322, 2241, '12', '7', '1', 'TARMA\r'),
(1323, 2241, '12', '7', '2', 'ACOBAMBA\r'),
(1324, 2241, '12', '7', '3', 'HUARICOLCA\r'),
(1325, 2241, '12', '7', '4', 'HUASAHUASI\r'),
(1326, 2241, '12', '7', '5', 'LA UNION\r'),
(1327, 2241, '12', '7', '6', 'PALCA\r'),
(1328, 2241, '12', '7', '7', 'PALCAMAYO\r'),
(1329, 2241, '12', '7', '8', 'SAN PEDRO DE CAJAS\r'),
(1330, 2241, '12', '7', '9', 'TAPO\r'),
(1331, 2241, '12', '8', '1', 'LA OROYA\r'),
(1332, 2241, '12', '8', '2', 'CHACAPALPA\r'),
(1333, 2241, '12', '8', '3', 'HUAY-HUAY\r'),
(1334, 2241, '12', '8', '4', 'MARCAPOMACOCHA\r'),
(1335, 2241, '12', '8', '5', 'MOROCOCHA\r'),
(1336, 2241, '12', '8', '6', 'PACCHA\r'),
(1337, 2241, '12', '8', '7', 'SANTA BARBARA DE CARHUACAYAN\r'),
(1338, 2241, '12', '8', '8', 'SANTA ROSA DE SACCO\r'),
(1339, 2241, '12', '8', '9', 'SUITUCANCHA\r'),
(1340, 2241, '12', '8', '10', 'YAULI\r'),
(1341, 2241, '12', '9', '1', 'CHUPACA\r'),
(1342, 2241, '12', '9', '2', 'AHUAC\r'),
(1343, 2241, '12', '9', '3', 'CHONGOS BAJO\r'),
(1344, 2241, '12', '9', '4', 'HUACHAC\r'),
(1345, 2241, '12', '9', '5', 'HUAMANCACA CHICO\r'),
(1346, 2241, '12', '9', '6', 'SAN JUAN DE YSCOS\r'),
(1347, 2241, '12', '9', '7', 'SAN JUAN DE JARPA\r'),
(1348, 2241, '12', '9', '8', 'TRES DE DICIEMBRE\r'),
(1349, 2241, '12', '9', '9', 'YANACANCHA\r'),
(1350, 2241, '13', '1', '1', 'TRUJILLO\r'),
(1351, 2241, '13', '1', '2', 'EL PORVENIR\r'),
(1352, 2241, '13', '1', '3', 'FLORENCIA DE MORA\r'),
(1353, 2241, '13', '1', '4', 'HUANCHACO\r'),
(1354, 2241, '13', '1', '5', 'LA ESPERANZA\r'),
(1355, 2241, '13', '1', '6', 'LAREDO\r'),
(1356, 2241, '13', '1', '7', 'MOCHE\r'),
(1357, 2241, '13', '1', '8', 'POROTO\r'),
(1358, 2241, '13', '1', '9', 'SALAVERRY\r'),
(1359, 2241, '13', '1', '10', 'SIMBAL\r'),
(1360, 2241, '13', '1', '11', 'VICTOR LARCO HERRERA\r'),
(1361, 2241, '13', '2', '1', 'ASCOPE\r'),
(1362, 2241, '13', '2', '2', 'CHICAMA\r'),
(1363, 2241, '13', '2', '3', 'CHOCOPE\r'),
(1364, 2241, '13', '2', '4', 'MAGDALENA DE CAO\r'),
(1365, 2241, '13', '2', '5', 'PAIJAN\r'),
(1366, 2241, '13', '2', '6', 'RAZURI\r'),
(1367, 2241, '13', '2', '7', 'SANTIAGO DE CAO\r'),
(1368, 2241, '13', '2', '8', 'CASA GRANDE\r'),
(1369, 2241, '13', '3', '1', 'BOLIVAR\r'),
(1370, 2241, '13', '3', '2', 'BAMBAMARCA\r'),
(1371, 2241, '13', '3', '3', 'CONDORMARCA\r'),
(1372, 2241, '13', '3', '4', 'LONGOTEA\r'),
(1373, 2241, '13', '3', '5', 'UCHUMARCA\r'),
(1374, 2241, '13', '3', '6', 'UCUNCHA\r'),
(1375, 2241, '13', '4', '1', 'CHEPEN\r'),
(1376, 2241, '13', '4', '2', 'PACANGA\r'),
(1377, 2241, '13', '4', '3', 'PUEBLO NUEVO\r'),
(1378, 2241, '13', '5', '1', 'JULCAN\r'),
(1379, 2241, '13', '5', '2', 'CALAMARCA\r'),
(1380, 2241, '13', '5', '3', 'CARABAMBA\r'),
(1381, 2241, '13', '5', '4', 'HUASO\r'),
(1382, 2241, '13', '6', '1', 'OTUZCO\r'),
(1383, 2241, '13', '6', '2', 'AGALLPAMPA\r'),
(1384, 2241, '13', '6', '4', 'CHARAT\r'),
(1385, 2241, '13', '6', '5', 'HUARANCHAL\r'),
(1386, 2241, '13', '6', '6', 'LA CUESTA\r'),
(1387, 2241, '13', '6', '8', 'MACHE\r'),
(1388, 2241, '13', '6', '10', 'PARANDAY\r'),
(1389, 2241, '13', '6', '11', 'SALPO\r'),
(1390, 2241, '13', '6', '13', 'SINSICAP\r'),
(1391, 2241, '13', '6', '14', 'USQUIL\r'),
(1392, 2241, '13', '7', '1', 'SAN PEDRO DE LLOC\r'),
(1393, 2241, '13', '7', '2', 'GUADALUPE\r'),
(1394, 2241, '13', '7', '3', 'JEQUETEPEQUE\r'),
(1395, 2241, '13', '7', '4', 'PACASMAYO\r'),
(1396, 2241, '13', '7', '5', 'SAN JOSE\r'),
(1397, 2241, '13', '8', '1', 'TAYABAMBA\r'),
(1398, 2241, '13', '8', '2', 'BULDIBUYO\r'),
(1399, 2241, '13', '8', '3', 'CHILLIA\r'),
(1400, 2241, '13', '8', '4', 'HUANCASPATA\r'),
(1401, 2241, '13', '8', '5', 'HUAYLILLAS\r'),
(1402, 2241, '13', '8', '6', 'HUAYO\r'),
(1403, 2241, '13', '8', '7', 'ONGON\r'),
(1404, 2241, '13', '8', '8', 'PARCOY\r'),
(1405, 2241, '13', '8', '9', 'PATAZ\r'),
(1406, 2241, '13', '8', '10', 'PIAS\r'),
(1407, 2241, '13', '8', '11', 'SANTIAGO DE CHALLAS\r'),
(1408, 2241, '13', '8', '12', 'TAURIJA\r'),
(1409, 2241, '13', '8', '13', 'URPAY\r'),
(1410, 2241, '13', '9', '1', 'HUAMACHUCO\r'),
(1411, 2241, '13', '9', '2', 'CHUGAY\r'),
(1412, 2241, '13', '9', '3', 'COCHORCO\r'),
(1413, 2241, '13', '9', '4', 'CURGOS\r'),
(1414, 2241, '13', '9', '5', 'MARCABAL\r'),
(1415, 2241, '13', '9', '6', 'SANAGORAN\r'),
(1416, 2241, '13', '9', '7', 'SARIN\r'),
(1417, 2241, '13', '9', '8', 'SARTIMBAMBA\r'),
(1418, 2241, '13', '10', '1', 'SANTIAGO DE CHUCO\r'),
(1419, 2241, '13', '10', '2', 'ANGASMARCA\r'),
(1420, 2241, '13', '10', '3', 'CACHICADAN\r'),
(1421, 2241, '13', '10', '4', 'MOLLEBAMBA\r'),
(1422, 2241, '13', '10', '5', 'MOLLEPATA\r'),
(1423, 2241, '13', '10', '6', 'QUIRUVILCA\r'),
(1424, 2241, '13', '10', '7', 'SANTA CRUZ DE CHUCA\r'),
(1425, 2241, '13', '10', '8', 'SITABAMBA\r'),
(1426, 2241, '13', '11', '1', 'CASCAS\r'),
(1427, 2241, '13', '11', '2', 'LUCMA\r'),
(1428, 2241, '13', '11', '3', 'COMPIN\r'),
(1429, 2241, '13', '11', '4', 'SAYAPULLO\r'),
(1430, 2241, '13', '12', '1', 'VIRU\r'),
(1431, 2241, '13', '12', '2', 'CHAO\r'),
(1432, 2241, '13', '12', '3', 'GUADALUPITO\r'),
(1433, 2241, '14', '1', '1', 'CHICLAYO\r'),
(1434, 2241, '14', '1', '2', 'CHONGOYAPE\r'),
(1435, 2241, '14', '1', '3', 'ETEN\r'),
(1436, 2241, '14', '1', '4', 'ETEN PUERTO\r'),
(1437, 2241, '14', '1', '5', 'JOSE LEONARDO ORTIZ\r'),
(1438, 2241, '14', '1', '6', 'LA VICTORIA\r'),
(1439, 2241, '14', '1', '7', 'LAGUNAS\r'),
(1440, 2241, '14', '1', '8', 'MONSEFU\r'),
(1441, 2241, '14', '1', '9', 'NUEVA ARICA\r'),
(1442, 2241, '14', '1', '10', 'OYOTUN\r'),
(1443, 2241, '14', '1', '11', 'PICSI\r'),
(1444, 2241, '14', '1', '12', 'PIMENTEL\r'),
(1445, 2241, '14', '1', '13', 'REQUE\r'),
(1446, 2241, '14', '1', '14', 'SANTA ROSA\r'),
(1447, 2241, '14', '1', '15', 'SA?A\r'),
(1448, 2241, '14', '1', '16', 'CAYALTI\r'),
(1449, 2241, '14', '1', '17', 'PATAPO\r'),
(1450, 2241, '14', '1', '18', 'POMALCA\r'),
(1451, 2241, '14', '1', '19', 'PUCALA\r'),
(1452, 2241, '14', '1', '20', 'TUMAN\r'),
(1453, 2241, '14', '2', '1', 'FERRE?AFE\r'),
(1454, 2241, '14', '2', '2', 'CA?ARIS\r'),
(1455, 2241, '14', '2', '3', 'INCAHUASI\r'),
(1456, 2241, '14', '2', '4', 'MANUEL ANTONIO MESONES MURO\r'),
(1457, 2241, '14', '2', '5', 'PITIPO\r'),
(1458, 2241, '14', '2', '6', 'PUEBLO NUEVO\r'),
(1459, 2241, '14', '3', '1', 'LAMBAYEQUE\r'),
(1460, 2241, '14', '3', '2', 'CHOCHOPE\r'),
(1461, 2241, '14', '3', '3', 'ILLIMO\r'),
(1462, 2241, '14', '3', '4', 'JAYANCA\r'),
(1463, 2241, '14', '3', '5', 'MOCHUMI\r'),
(1464, 2241, '14', '3', '6', 'MORROPE\r'),
(1465, 2241, '14', '3', '7', 'MOTUPE\r'),
(1466, 2241, '14', '3', '8', 'OLMOS\r'),
(1467, 2241, '14', '3', '9', 'PACORA\r'),
(1468, 2241, '14', '3', '10', 'SALAS\r'),
(1469, 2241, '14', '3', '11', 'SAN JOSE\r'),
(1470, 2241, '14', '3', '12', 'TUCUME\r'),
(1471, 2241, '15', '1', '1', 'LIMA\r'),
(1472, 2241, '15', '1', '2', 'ANCON\r'),
(1473, 2241, '15', '1', '3', 'ATE\r'),
(1474, 2241, '15', '1', '4', 'BARRANCO\r'),
(1475, 2241, '15', '1', '5', 'BRE?A\r'),
(1476, 2241, '15', '1', '6', 'CARABAYLLO\r'),
(1477, 2241, '15', '1', '7', 'CHACLACAYO\r'),
(1478, 2241, '15', '1', '8', 'CHORRILLOS\r'),
(1479, 2241, '15', '1', '9', 'CIENEGUILLA\r'),
(1480, 2241, '15', '1', '10', 'COMAS\r'),
(1481, 2241, '15', '1', '11', 'EL AGUSTINO\r'),
(1482, 2241, '15', '1', '12', 'INDEPENDENCIA\r'),
(1483, 2241, '15', '1', '13', 'JESUS MARIA\r'),
(1484, 2241, '15', '1', '14', 'LA MOLINA\r'),
(1485, 2241, '15', '1', '15', 'LA VICTORIA\r'),
(1486, 2241, '15', '1', '16', 'LINCE\r'),
(1487, 2241, '15', '1', '17', 'LOS OLIVOS\r'),
(1488, 2241, '15', '1', '18', 'LURIGANCHO\r'),
(1489, 2241, '15', '1', '19', 'LURIN\r'),
(1490, 2241, '15', '1', '20', 'MAGDALENA DEL MAR\r'),
(1491, 2241, '15', '1', '21', 'MAGDALENA VIEJA\r'),
(1492, 2241, '15', '1', '22', 'MIRAFLORES\r'),
(1493, 2241, '15', '1', '23', 'PACHACAMAC\r'),
(1494, 2241, '15', '1', '24', 'PUCUSANA\r'),
(1495, 2241, '15', '1', '25', 'PUENTE PIEDRA\r'),
(1496, 2241, '15', '1', '26', 'PUNTA HERMOSA\r'),
(1497, 2241, '15', '1', '27', 'PUNTA NEGRA\r'),
(1498, 2241, '15', '1', '28', 'RIMAC\r'),
(1499, 2241, '15', '1', '29', 'SAN BARTOLO\r'),
(1500, 2241, '15', '1', '30', 'SAN BORJA\r'),
(1501, 2241, '15', '1', '31', 'SAN ISIDRO\r'),
(1502, 2241, '15', '1', '32', 'SAN JUAN DE LURIGANCHO\r'),
(1503, 2241, '15', '1', '33', 'SAN JUAN DE MIRAFLORES\r'),
(1504, 2241, '15', '1', '34', 'SAN LUIS\r'),
(1505, 2241, '15', '1', '35', 'SAN MARTIN DE PORRES\r'),
(1506, 2241, '15', '1', '36', 'SAN MIGUEL\r'),
(1507, 2241, '15', '1', '37', 'SANTA ANITA\r'),
(1508, 2241, '15', '1', '38', 'SANTA MARIA DEL MAR\r'),
(1509, 2241, '15', '1', '39', 'SANTA ROSA\r'),
(1510, 2241, '15', '1', '40', 'SANTIAGO DE SURCO\r'),
(1511, 2241, '15', '1', '41', 'SURQUILLO\r'),
(1512, 2241, '15', '1', '42', 'VILLA EL SALVADOR\r'),
(1513, 2241, '15', '1', '43', 'VILLA MARIA DEL TRIUNFO\r'),
(1514, 2241, '15', '2', '1', 'BARRANCA\r'),
(1515, 2241, '15', '2', '2', 'PARAMONGA\r'),
(1516, 2241, '15', '2', '3', 'PATIVILCA\r'),
(1517, 2241, '15', '2', '4', 'SUPE\r'),
(1518, 2241, '15', '2', '5', 'SUPE PUERTO\r'),
(1519, 2241, '15', '3', '1', 'CAJATAMBO\r'),
(1520, 2241, '15', '3', '2', 'COPA\r'),
(1521, 2241, '15', '3', '3', 'GORGOR\r'),
(1522, 2241, '15', '3', '4', 'HUANCAPON\r'),
(1523, 2241, '15', '3', '5', 'MANAS\r'),
(1524, 2241, '15', '4', '1', 'CANTA\r'),
(1525, 2241, '15', '4', '2', 'ARAHUAY\r'),
(1526, 2241, '15', '4', '3', 'HUAMANTANGA\r'),
(1527, 2241, '15', '4', '4', 'HUAROS\r'),
(1528, 2241, '15', '4', '5', 'LACHAQUI\r'),
(1529, 2241, '15', '4', '6', 'SAN BUENAVENTURA\r'),
(1530, 2241, '15', '4', '7', 'SANTA ROSA DE QUIVES\r'),
(1531, 2241, '15', '5', '1', 'SAN VICENTE DE CA?ETE\r'),
(1532, 2241, '15', '5', '2', 'ASIA\r'),
(1533, 2241, '15', '5', '3', 'CALANGO\r'),
(1534, 2241, '15', '5', '4', 'CERRO AZUL\r'),
(1535, 2241, '15', '5', '5', 'CHILCA\r'),
(1536, 2241, '15', '5', '6', 'COAYLLO\r'),
(1537, 2241, '15', '5', '7', 'IMPERIAL\r'),
(1538, 2241, '15', '5', '8', 'LUNAHUANA\r'),
(1539, 2241, '15', '5', '9', 'MALA\r'),
(1540, 2241, '15', '5', '10', 'NUEVO IMPERIAL\r'),
(1541, 2241, '15', '5', '11', 'PACARAN\r'),
(1542, 2241, '15', '5', '12', 'QUILMANA\r'),
(1543, 2241, '15', '5', '13', 'SAN ANTONIO\r'),
(1544, 2241, '15', '5', '14', 'SAN LUIS\r'),
(1545, 2241, '15', '5', '15', 'SANTA CRUZ DE FLORES\r'),
(1546, 2241, '15', '5', '16', 'ZU?IGA\r'),
(1547, 2241, '15', '6', '1', 'HUARAL\r'),
(1548, 2241, '15', '6', '2', 'ATAVILLOS ALTO\r'),
(1549, 2241, '15', '6', '3', 'ATAVILLOS BAJO\r'),
(1550, 2241, '15', '6', '4', 'AUCALLAMA\r'),
(1551, 2241, '15', '6', '5', 'CHANCAY\r'),
(1552, 2241, '15', '6', '6', 'IHUARI\r'),
(1553, 2241, '15', '6', '7', 'LAMPIAN\r'),
(1554, 2241, '15', '6', '8', 'PACARAOS\r'),
(1555, 2241, '15', '6', '9', 'SAN MIGUEL DE ACOS\r'),
(1556, 2241, '15', '6', '10', 'SANTA CRUZ DE ANDAMARCA\r'),
(1557, 2241, '15', '6', '11', 'SUMBILCA\r'),
(1558, 2241, '15', '6', '12', 'VEINTISIETE DE NOVIEMBRE\r'),
(1559, 2241, '15', '7', '1', 'MATUCANA\r'),
(1560, 2241, '15', '7', '2', 'ANTIOQUIA\r'),
(1561, 2241, '15', '7', '3', 'CALLAHUANCA\r'),
(1562, 2241, '15', '7', '4', 'CARAMPOMA\r'),
(1563, 2241, '15', '7', '5', 'CHICLA\r'),
(1564, 2241, '15', '7', '6', 'CUENCA\r'),
(1565, 2241, '15', '7', '7', 'HUACHUPAMPA\r'),
(1566, 2241, '15', '7', '8', 'HUANZA\r'),
(1567, 2241, '15', '7', '9', 'HUAROCHIRI\r'),
(1568, 2241, '15', '7', '10', 'LAHUAYTAMBO\r'),
(1569, 2241, '15', '7', '11', 'LANGA\r'),
(1570, 2241, '15', '7', '12', 'LARAOS\r'),
(1571, 2241, '15', '7', '13', 'MARIATANA\r'),
(1572, 2241, '15', '7', '14', 'RICARDO PALMA\r'),
(1573, 2241, '15', '7', '15', 'SAN ANDRES DE TUPICOCHA\r'),
(1574, 2241, '15', '7', '16', 'SAN ANTONIO\r'),
(1575, 2241, '15', '7', '17', 'SAN BARTOLOME\r'),
(1576, 2241, '15', '7', '18', 'SAN DAMIAN\r'),
(1577, 2241, '15', '7', '19', 'SAN JUAN DE IRIS\r'),
(1578, 2241, '15', '7', '20', 'SAN JUAN DE TANTARANCHE\r'),
(1579, 2241, '15', '7', '21', 'SAN LORENZO DE QUINTI\r'),
(1580, 2241, '15', '7', '22', 'SAN MATEO\r'),
(1581, 2241, '15', '7', '23', 'SAN MATEO DE OTAO\r'),
(1582, 2241, '15', '7', '24', 'SAN PEDRO DE CASTA\r'),
(1583, 2241, '15', '7', '25', 'SAN PEDRO DE HUANCAYRE\r'),
(1584, 2241, '15', '7', '26', 'SANGALLAYA\r'),
(1585, 2241, '15', '7', '27', 'SANTA CRUZ DE COCACHACRA\r'),
(1586, 2241, '15', '7', '28', 'SANTA EULALIA\r'),
(1587, 2241, '15', '7', '29', 'SANTIAGO DE ANCHUCAYA\r'),
(1588, 2241, '15', '7', '30', 'SANTIAGO DE TUNA\r'),
(1589, 2241, '15', '7', '31', 'SANTO DOMINGO DE LOS OLLEROS\r'),
(1590, 2241, '15', '7', '32', 'SURCO\r'),
(1591, 2241, '15', '8', '1', 'HUACHO\r'),
(1592, 2241, '15', '8', '2', 'AMBAR\r'),
(1593, 2241, '15', '8', '3', 'CALETA DE CARQUIN\r'),
(1594, 2241, '15', '8', '4', 'CHECRAS\r'),
(1595, 2241, '15', '8', '5', 'HUALMAY\r'),
(1596, 2241, '15', '8', '6', 'HUAURA\r'),
(1597, 2241, '15', '8', '7', 'LEONCIO PRADO\r'),
(1598, 2241, '15', '8', '8', 'PACCHO\r'),
(1599, 2241, '15', '8', '9', 'SANTA LEONOR\r'),
(1600, 2241, '15', '8', '10', 'SANTA MARIA\r'),
(1601, 2241, '15', '8', '11', 'SAYAN\r'),
(1602, 2241, '15', '8', '12', 'VEGUETA\r'),
(1603, 2241, '15', '9', '1', 'OYON\r'),
(1604, 2241, '15', '9', '2', 'ANDAJES\r'),
(1605, 2241, '15', '9', '3', 'CAUJUL\r'),
(1606, 2241, '15', '9', '4', 'COCHAMARCA\r'),
(1607, 2241, '15', '9', '5', 'NAVAN\r'),
(1608, 2241, '15', '9', '6', 'PACHANGARA\r'),
(1609, 2241, '15', '10', '1', 'YAUYOS\r'),
(1610, 2241, '15', '10', '2', 'ALIS\r'),
(1611, 2241, '15', '10', '3', 'AYAUCA\r'),
(1612, 2241, '15', '10', '4', 'AYAVIRI\r'),
(1613, 2241, '15', '10', '5', 'AZANGARO\r'),
(1614, 2241, '15', '10', '6', 'CACRA\r'),
(1615, 2241, '15', '10', '7', 'CARANIA\r'),
(1616, 2241, '15', '10', '8', 'CATAHUASI\r'),
(1617, 2241, '15', '10', '9', 'CHOCOS\r'),
(1618, 2241, '15', '10', '10', 'COCHAS\r'),
(1619, 2241, '15', '10', '11', 'COLONIA\r'),
(1620, 2241, '15', '10', '12', 'HONGOS\r'),
(1621, 2241, '15', '10', '13', 'HUAMPARA\r'),
(1622, 2241, '15', '10', '14', 'HUANCAYA\r'),
(1623, 2241, '15', '10', '15', 'HUANGASCAR\r'),
(1624, 2241, '15', '10', '16', 'HUANTAN\r'),
(1625, 2241, '15', '10', '17', 'HUA?EC\r'),
(1626, 2241, '15', '10', '18', 'LARAOS\r'),
(1627, 2241, '15', '10', '19', 'LINCHA\r'),
(1628, 2241, '15', '10', '20', 'MADEAN\r'),
(1629, 2241, '15', '10', '21', 'MIRAFLORES\r'),
(1630, 2241, '15', '10', '22', 'OMAS\r'),
(1631, 2241, '15', '10', '23', 'PUTINZA\r'),
(1632, 2241, '15', '10', '24', 'QUINCHES\r'),
(1633, 2241, '15', '10', '25', 'QUINOCAY\r'),
(1634, 2241, '15', '10', '26', 'SAN JOAQUIN\r'),
(1635, 2241, '15', '10', '27', 'SAN PEDRO DE PILAS\r'),
(1636, 2241, '15', '10', '28', 'TANTA\r'),
(1637, 2241, '15', '10', '29', 'TAURIPAMPA\r'),
(1638, 2241, '15', '10', '30', 'TOMAS\r'),
(1639, 2241, '15', '10', '31', 'TUPE\r'),
(1640, 2241, '15', '10', '32', 'VI?AC\r'),
(1641, 2241, '15', '10', '33', 'VITIS\r'),
(1642, 2241, '16', '1', '1', 'IQUITOS\r'),
(1643, 2241, '16', '1', '2', 'ALTO NANAY\r'),
(1644, 2241, '16', '1', '3', 'FERNANDO LORES\r'),
(1645, 2241, '16', '1', '4', 'INDIANA\r'),
(1646, 2241, '16', '1', '5', 'LAS AMAZONAS\r'),
(1647, 2241, '16', '1', '6', 'MAZAN\r'),
(1648, 2241, '16', '1', '7', 'NAPO\r'),
(1649, 2241, '16', '1', '8', 'PUNCHANA\r'),
(1650, 2241, '16', '1', '9', 'PUTUMAYO\r'),
(1651, 2241, '16', '1', '10', 'TORRES CAUSANA\r'),
(1652, 2241, '16', '1', '12', 'BELEN\r'),
(1653, 2241, '16', '1', '13', 'SAN JUAN BAUTISTA\r'),
(1654, 2241, '16', '1', '14', 'TENIENTE MANUEL CLAVERO\r'),
(1655, 2241, '16', '2', '1', 'YURIMAGUAS\r'),
(1656, 2241, '16', '2', '2', 'BALSAPUERTO\r'),
(1657, 2241, '16', '2', '5', 'JEBEROS\r'),
(1658, 2241, '16', '2', '6', 'LAGUNAS\r'),
(1659, 2241, '16', '2', '10', 'SANTA CRUZ\r'),
(1660, 2241, '16', '2', '11', 'TENIENTE CESAR LOPEZ ROJAS\r'),
(1661, 2241, '16', '3', '1', 'NAUTA\r'),
(1662, 2241, '16', '3', '2', 'PARINARI\r'),
(1663, 2241, '16', '3', '3', 'TIGRE\r'),
(1664, 2241, '16', '3', '4', 'TROMPETEROS\r'),
(1665, 2241, '16', '3', '5', 'URARINAS\r'),
(1666, 2241, '16', '4', '1', 'RAMON CASTILLA\r'),
(1667, 2241, '16', '4', '2', 'PEBAS\r'),
(1668, 2241, '16', '4', '3', 'YAVARI\r'),
(1669, 2241, '16', '4', '4', 'SAN PABLO\r'),
(1670, 2241, '16', '5', '1', 'REQUENA\r'),
(1671, 2241, '16', '5', '2', 'ALTO TAPICHE\r'),
(1672, 2241, '16', '5', '3', 'CAPELO\r'),
(1673, 2241, '16', '5', '4', 'EMILIO SAN MARTIN\r'),
(1674, 2241, '16', '5', '5', 'MAQUIA\r'),
(1675, 2241, '16', '5', '6', 'PUINAHUA\r'),
(1676, 2241, '16', '5', '7', 'SAQUENA\r'),
(1677, 2241, '16', '5', '8', 'SOPLIN\r'),
(1678, 2241, '16', '5', '9', 'TAPICHE\r'),
(1679, 2241, '16', '5', '10', 'JENARO HERRERA\r'),
(1680, 2241, '16', '5', '11', 'YAQUERANA\r'),
(1681, 2241, '16', '6', '1', 'CONTAMANA\r'),
(1682, 2241, '16', '6', '2', 'INAHUAYA\r'),
(1683, 2241, '16', '6', '3', 'PADRE MARQUEZ\r'),
(1684, 2241, '16', '6', '4', 'PAMPA HERMOSA\r'),
(1685, 2241, '16', '6', '5', 'SARAYACU\r'),
(1686, 2241, '16', '6', '6', 'VARGAS GUERRA\r'),
(1687, 2241, '16', '7', '1', 'BARRANCA\r'),
(1688, 2241, '16', '7', '2', 'CAHUAPANAS\r'),
(1689, 2241, '16', '7', '3', 'MANSERICHE\r'),
(1690, 2241, '16', '7', '4', 'MORONA\r'),
(1691, 2241, '16', '7', '5', 'PASTAZA\r'),
(1692, 2241, '16', '7', '6', 'ANDOAS\r'),
(1693, 2241, '17', '1', '1', 'TAMBOPATA\r'),
(1694, 2241, '17', '1', '2', 'INAMBARI\r'),
(1695, 2241, '17', '1', '3', 'LAS PIEDRAS\r'),
(1696, 2241, '17', '1', '4', 'LABERINTO\r'),
(1697, 2241, '17', '2', '1', 'MANU\r'),
(1698, 2241, '17', '2', '2', 'FITZCARRALD\r'),
(1699, 2241, '17', '2', '3', 'MADRE DE DIOS\r'),
(1700, 2241, '17', '2', '4', 'HUEPETUHE\r'),
(1701, 2241, '17', '3', '1', 'I?APARI\r'),
(1702, 2241, '17', '3', '2', 'IBERIA\r'),
(1703, 2241, '17', '3', '3', 'TAHUAMANU\r'),
(1704, 2241, '18', '1', '1', 'MOQUEGUA\r'),
(1705, 2241, '18', '1', '2', 'CARUMAS\r'),
(1706, 2241, '18', '1', '3', 'CUCHUMBAYA\r'),
(1707, 2241, '18', '1', '4', 'SAMEGUA\r'),
(1708, 2241, '18', '1', '5', 'SAN CRISTOBAL\r'),
(1709, 2241, '18', '1', '6', 'TORATA\r'),
(1710, 2241, '18', '2', '1', 'OMATE\r'),
(1711, 2241, '18', '2', '2', 'CHOJATA\r'),
(1712, 2241, '18', '2', '3', 'COALAQUE\r'),
(1713, 2241, '18', '2', '4', 'ICHU?A\r'),
(1714, 2241, '18', '2', '5', 'LA CAPILLA\r'),
(1715, 2241, '18', '2', '6', 'LLOQUE\r'),
(1716, 2241, '18', '2', '7', 'MATALAQUE\r'),
(1717, 2241, '18', '2', '8', 'PUQUINA\r'),
(1718, 2241, '18', '2', '9', 'QUINISTAQUILLAS\r'),
(1719, 2241, '18', '2', '10', 'UBINAS\r'),
(1720, 2241, '18', '2', '11', 'YUNGA\r'),
(1721, 2241, '18', '3', '1', 'ILO\r'),
(1722, 2241, '18', '3', '2', 'EL ALGARROBAL\r'),
(1723, 2241, '18', '3', '3', 'PACOCHA\r'),
(1724, 2241, '19', '1', '1', 'CHAUPIMARCA\r'),
(1725, 2241, '19', '1', '2', 'HUACHON\r'),
(1726, 2241, '19', '1', '3', 'HUARIACA\r'),
(1727, 2241, '19', '1', '4', 'HUAYLLAY\r'),
(1728, 2241, '19', '1', '5', 'NINACACA\r'),
(1729, 2241, '19', '1', '6', 'PALLANCHACRA\r'),
(1730, 2241, '19', '1', '7', 'PAUCARTAMBO\r'),
(1731, 2241, '19', '1', '8', 'SAN FRANCISCO DE ASIS DE YARUSYACAN\r'),
(1732, 2241, '19', '1', '9', 'SIMON BOLIVAR\r'),
(1733, 2241, '19', '1', '10', 'TICLACAYAN\r'),
(1734, 2241, '19', '1', '11', 'TINYAHUARCO\r'),
(1735, 2241, '19', '1', '12', 'VICCO\r'),
(1736, 2241, '19', '1', '13', 'YANACANCHA\r'),
(1737, 2241, '19', '2', '1', 'YANAHUANCA\r'),
(1738, 2241, '19', '2', '2', 'CHACAYAN\r'),
(1739, 2241, '19', '2', '3', 'GOYLLARISQUIZGA\r'),
(1740, 2241, '19', '2', '4', 'PAUCAR\r'),
(1741, 2241, '19', '2', '5', 'SAN PEDRO DE PILLAO\r'),
(1742, 2241, '19', '2', '6', 'SANTA ANA DE TUSI\r'),
(1743, 2241, '19', '2', '7', 'TAPUC\r'),
(1744, 2241, '19', '2', '8', 'VILCABAMBA\r'),
(1745, 2241, '19', '3', '1', 'OXAPAMPA\r'),
(1746, 2241, '19', '3', '2', 'CHONTABAMBA\r'),
(1747, 2241, '19', '3', '3', 'HUANCABAMBA\r'),
(1748, 2241, '19', '3', '4', 'PALCAZU\r'),
(1749, 2241, '19', '3', '5', 'POZUZO\r'),
(1750, 2241, '19', '3', '6', 'PUERTO BERMUDEZ\r'),
(1751, 2241, '19', '3', '7', 'VILLA RICA\r'),
(1752, 2241, '20', '1', '1', 'PIURA\r'),
(1753, 2241, '20', '1', '4', 'CASTILLA\r'),
(1754, 2241, '20', '1', '5', 'CATACAOS\r'),
(1755, 2241, '20', '1', '7', 'CURA MORI\r'),
(1756, 2241, '20', '1', '8', 'EL TALLAN\r'),
(1757, 2241, '20', '1', '9', 'LA ARENA\r'),
(1758, 2241, '20', '1', '10', 'LA UNION\r'),
(1759, 2241, '20', '1', '11', 'LAS LOMAS\r'),
(1760, 2241, '20', '1', '14', 'TAMBO GRANDE\r'),
(1761, 2241, '20', '2', '1', 'AYABACA\r'),
(1762, 2241, '20', '2', '2', 'FRIAS\r'),
(1763, 2241, '20', '2', '3', 'JILILI\r'),
(1764, 2241, '20', '2', '4', 'LAGUNAS\r'),
(1765, 2241, '20', '2', '5', 'MONTERO\r'),
(1766, 2241, '20', '2', '6', 'PACAIPAMPA\r'),
(1767, 2241, '20', '2', '7', 'PAIMAS\r'),
(1768, 2241, '20', '2', '8', 'SAPILLICA\r'),
(1769, 2241, '20', '2', '9', 'SICCHEZ\r'),
(1770, 2241, '20', '2', '10', 'SUYO\r'),
(1771, 2241, '20', '3', '1', 'HUANCABAMBA\r'),
(1772, 2241, '20', '3', '2', 'CANCHAQUE\r'),
(1773, 2241, '20', '3', '3', 'EL CARMEN DE LA FRONTERA\r'),
(1774, 2241, '20', '3', '4', 'HUARMACA\r'),
(1775, 2241, '20', '3', '5', 'LALAQUIZ\r'),
(1776, 2241, '20', '3', '6', 'SAN MIGUEL DE EL FAIQUE\r'),
(1777, 2241, '20', '3', '7', 'SONDOR\r'),
(1778, 2241, '20', '3', '8', 'SONDORILLO\r'),
(1779, 2241, '20', '4', '1', 'CHULUCANAS\r'),
(1780, 2241, '20', '4', '2', 'BUENOS AIRES\r'),
(1781, 2241, '20', '4', '3', 'CHALACO\r'),
(1782, 2241, '20', '4', '4', 'LA MATANZA\r'),
(1783, 2241, '20', '4', '5', 'MORROPON\r'),
(1784, 2241, '20', '4', '6', 'SALITRAL\r'),
(1785, 2241, '20', '4', '7', 'SAN JUAN DE BIGOTE\r'),
(1786, 2241, '20', '4', '8', 'SANTA CATALINA DE MOSSA\r'),
(1787, 2241, '20', '4', '9', 'SANTO DOMINGO\r'),
(1788, 2241, '20', '4', '10', 'YAMANGO\r'),
(1789, 2241, '20', '5', '1', 'PAITA\r'),
(1790, 2241, '20', '5', '2', 'AMOTAPE\r'),
(1791, 2241, '20', '5', '3', 'ARENAL\r'),
(1792, 2241, '20', '5', '4', 'COLAN\r'),
(1793, 2241, '20', '5', '5', 'LA HUACA\r'),
(1794, 2241, '20', '5', '6', 'TAMARINDO\r'),
(1795, 2241, '20', '5', '7', 'VICHAYAL\r'),
(1796, 2241, '20', '6', '1', 'SULLANA\r'),
(1797, 2241, '20', '6', '2', 'BELLAVISTA\r'),
(1798, 2241, '20', '6', '3', 'IGNACIO ESCUDERO\r'),
(1799, 2241, '20', '6', '4', 'LANCONES\r'),
(1800, 2241, '20', '6', '5', 'MARCAVELICA\r'),
(1801, 2241, '20', '6', '6', 'MIGUEL CHECA\r'),
(1802, 2241, '20', '6', '7', 'QUERECOTILLO\r'),
(1803, 2241, '20', '6', '8', 'SALITRAL\r'),
(1804, 2241, '20', '7', '1', 'PARI?AS\r'),
(1805, 2241, '20', '7', '2', 'EL ALTO\r'),
(1806, 2241, '20', '7', '3', 'LA BREA\r'),
(1807, 2241, '20', '7', '4', 'LOBITOS\r'),
(1808, 2241, '20', '7', '5', 'LOS ORGANOS\r'),
(1809, 2241, '20', '7', '6', 'MANCORA\r'),
(1810, 2241, '20', '8', '1', 'SECHURA\r'),
(1811, 2241, '20', '8', '2', 'BELLAVISTA DE LA UNION\r'),
(1812, 2241, '20', '8', '3', 'BERNAL\r'),
(1813, 2241, '20', '8', '4', 'CRISTO NOS VALGA\r'),
(1814, 2241, '20', '8', '5', 'VICE\r'),
(1815, 2241, '20', '8', '6', 'RINCONADA LLICUAR\r'),
(1816, 2241, '21', '1', '1', 'PUNO\r'),
(1817, 2241, '21', '1', '2', 'ACORA\r'),
(1818, 2241, '21', '1', '3', 'AMANTANI\r'),
(1819, 2241, '21', '1', '4', 'ATUNCOLLA\r'),
(1820, 2241, '21', '1', '5', 'CAPACHICA\r'),
(1821, 2241, '21', '1', '6', 'CHUCUITO\r'),
(1822, 2241, '21', '1', '7', 'COATA\r'),
(1823, 2241, '21', '1', '8', 'HUATA\r'),
(1824, 2241, '21', '1', '9', 'MA?AZO\r'),
(1825, 2241, '21', '1', '10', 'PAUCARCOLLA\r'),
(1826, 2241, '21', '1', '11', 'PICHACANI\r'),
(1827, 2241, '21', '1', '12', 'PLATERIA\r'),
(1828, 2241, '21', '1', '13', 'SAN ANTONIO\r'),
(1829, 2241, '21', '1', '14', 'TIQUILLACA\r'),
(1830, 2241, '21', '1', '15', 'VILQUE\r'),
(1831, 2241, '21', '2', '1', 'AZANGARO\r'),
(1832, 2241, '21', '2', '2', 'ACHAYA\r'),
(1833, 2241, '21', '2', '3', 'ARAPA\r'),
(1834, 2241, '21', '2', '4', 'ASILLO\r'),
(1835, 2241, '21', '2', '5', 'CAMINACA\r'),
(1836, 2241, '21', '2', '6', 'CHUPA\r'),
(1837, 2241, '21', '2', '7', 'JOSE DOMINGO CHOQUEHUANCA\r'),
(1838, 2241, '21', '2', '8', 'MU?ANI\r'),
(1839, 2241, '21', '2', '9', 'POTONI\r'),
(1840, 2241, '21', '2', '10', 'SAMAN\r'),
(1841, 2241, '21', '2', '11', 'SAN ANTON\r'),
(1842, 2241, '21', '2', '12', 'SAN JOSE\r'),
(1843, 2241, '21', '2', '13', 'SAN JUAN DE SALINAS\r'),
(1844, 2241, '21', '2', '14', 'SANTIAGO DE PUPUJA\r'),
(1845, 2241, '21', '2', '15', 'TIRAPATA\r'),
(1846, 2241, '21', '3', '1', 'MACUSANI\r'),
(1847, 2241, '21', '3', '2', 'AJOYANI\r'),
(1848, 2241, '21', '3', '3', 'AYAPATA\r'),
(1849, 2241, '21', '3', '4', 'COASA\r'),
(1850, 2241, '21', '3', '5', 'CORANI\r'),
(1851, 2241, '21', '3', '6', 'CRUCERO\r'),
(1852, 2241, '21', '3', '7', 'ITUATA\r'),
(1853, 2241, '21', '3', '8', 'OLLACHEA\r'),
(1854, 2241, '21', '3', '9', 'SAN GABAN\r'),
(1855, 2241, '21', '3', '10', 'USICAYOS\r'),
(1856, 2241, '21', '4', '1', 'JULI\r'),
(1857, 2241, '21', '4', '2', 'DESAGUADERO\r'),
(1858, 2241, '21', '4', '3', 'HUACULLANI\r'),
(1859, 2241, '21', '4', '4', 'KELLUYO\r'),
(1860, 2241, '21', '4', '5', 'PISACOMA\r'),
(1861, 2241, '21', '4', '6', 'POMATA\r'),
(1862, 2241, '21', '4', '7', 'ZEPITA\r'),
(1863, 2241, '21', '5', '1', 'ILAVE\r'),
(1864, 2241, '21', '5', '2', 'CAPAZO\r'),
(1865, 2241, '21', '5', '3', 'PILCUYO\r'),
(1866, 2241, '21', '5', '4', 'SANTA ROSA\r'),
(1867, 2241, '21', '5', '5', 'CONDURIRI\r'),
(1868, 2241, '21', '6', '1', 'HUANCANE\r'),
(1869, 2241, '21', '6', '2', 'COJATA\r'),
(1870, 2241, '21', '6', '3', 'HUATASANI\r'),
(1871, 2241, '21', '6', '4', 'INCHUPALLA\r'),
(1872, 2241, '21', '6', '5', 'PUSI\r'),
(1873, 2241, '21', '6', '6', 'ROSASPATA\r'),
(1874, 2241, '21', '6', '7', 'TARACO\r'),
(1875, 2241, '21', '6', '8', 'VILQUE CHICO\r'),
(1876, 2241, '21', '7', '1', 'LAMPA\r'),
(1877, 2241, '21', '7', '2', 'CABANILLA\r'),
(1878, 2241, '21', '7', '3', 'CALAPUJA\r'),
(1879, 2241, '21', '7', '4', 'NICASIO\r'),
(1880, 2241, '21', '7', '5', 'OCUVIRI\r'),
(1881, 2241, '21', '7', '6', 'PALCA\r'),
(1882, 2241, '21', '7', '7', 'PARATIA\r'),
(1883, 2241, '21', '7', '8', 'PUCARA\r'),
(1884, 2241, '21', '7', '9', 'SANTA LUCIA\r'),
(1885, 2241, '21', '7', '10', 'VILAVILA\r'),
(1886, 2241, '21', '8', '1', 'AYAVIRI\r'),
(1887, 2241, '21', '8', '2', 'ANTAUTA\r'),
(1888, 2241, '21', '8', '3', 'CUPI\r'),
(1889, 2241, '21', '8', '4', 'LLALLI\r'),
(1890, 2241, '21', '8', '5', 'MACARI\r'),
(1891, 2241, '21', '8', '6', 'NU?OA\r'),
(1892, 2241, '21', '8', '7', 'ORURILLO\r'),
(1893, 2241, '21', '8', '8', 'SANTA ROSA\r'),
(1894, 2241, '21', '8', '9', 'UMACHIRI\r'),
(1895, 2241, '21', '9', '1', 'MOHO\r'),
(1896, 2241, '21', '9', '2', 'CONIMA\r'),
(1897, 2241, '21', '9', '3', 'HUAYRAPATA\r'),
(1898, 2241, '21', '9', '4', 'TILALI\r'),
(1899, 2241, '21', '10', '1', 'PUTINA\r'),
(1900, 2241, '21', '10', '2', 'ANANEA\r'),
(1901, 2241, '21', '10', '3', 'PEDRO VILCA APAZA\r'),
(1902, 2241, '21', '10', '4', 'QUILCAPUNCU\r'),
(1903, 2241, '21', '10', '5', 'SINA\r'),
(1904, 2241, '21', '11', '1', 'JULIACA\r'),
(1905, 2241, '21', '11', '2', 'CABANA\r'),
(1906, 2241, '21', '11', '3', 'CABANILLAS\r'),
(1907, 2241, '21', '11', '4', 'CARACOTO\r'),
(1908, 2241, '21', '12', '1', 'SANDIA\r'),
(1909, 2241, '21', '12', '2', 'CUYOCUYO\r'),
(1910, 2241, '21', '12', '3', 'LIMBANI\r'),
(1911, 2241, '21', '12', '4', 'PATAMBUCO\r'),
(1912, 2241, '21', '12', '5', 'PHARA\r'),
(1913, 2241, '21', '12', '6', 'QUIACA\r'),
(1914, 2241, '21', '12', '7', 'SAN JUAN DEL ORO\r'),
(1915, 2241, '21', '12', '8', 'YANAHUAYA\r'),
(1916, 2241, '21', '12', '9', 'ALTO INAMBARI\r'),
(1917, 2241, '21', '12', '10', 'SAN PEDRO DE PUTINA PUNCO\r'),
(1918, 2241, '21', '13', '1', 'YUNGUYO\r'),
(1919, 2241, '21', '13', '2', 'ANAPIA\r'),
(1920, 2241, '21', '13', '3', 'COPANI\r'),
(1921, 2241, '21', '13', '4', 'CUTURAPI\r'),
(1922, 2241, '21', '13', '5', 'OLLARAYA\r'),
(1923, 2241, '21', '13', '6', 'TINICACHI\r'),
(1924, 2241, '21', '13', '7', 'UNICACHI\r'),
(1925, 2241, '22', '1', '1', 'MOYOBAMBA\r'),
(1926, 2241, '22', '1', '2', 'CALZADA\r'),
(1927, 2241, '22', '1', '3', 'HABANA\r'),
(1928, 2241, '22', '1', '4', 'JEPELACIO\r'),
(1929, 2241, '22', '1', '5', 'SORITOR\r'),
(1930, 2241, '22', '1', '6', 'YANTALO\r'),
(1931, 2241, '22', '2', '1', 'BELLAVISTA\r'),
(1932, 2241, '22', '2', '2', 'ALTO BIAVO\r'),
(1933, 2241, '22', '2', '3', 'BAJO BIAVO\r'),
(1934, 2241, '22', '2', '4', 'HUALLAGA\r'),
(1935, 2241, '22', '2', '5', 'SAN PABLO\r'),
(1936, 2241, '22', '2', '6', 'SAN RAFAEL\r'),
(1937, 2241, '22', '3', '1', 'SAN JOSE DE SISA\r'),
(1938, 2241, '22', '3', '2', 'AGUA BLANCA\r'),
(1939, 2241, '22', '3', '3', 'SAN MARTIN\r'),
(1940, 2241, '22', '3', '4', 'SANTA ROSA\r'),
(1941, 2241, '22', '3', '5', 'SHATOJA\r'),
(1942, 2241, '22', '4', '1', 'SAPOSOA\r'),
(1943, 2241, '22', '4', '2', 'ALTO SAPOSOA\r'),
(1944, 2241, '22', '4', '3', 'EL ESLABON\r'),
(1945, 2241, '22', '4', '4', 'PISCOYACU\r'),
(1946, 2241, '22', '4', '5', 'SACANCHE\r'),
(1947, 2241, '22', '4', '6', 'TINGO DE SAPOSOA\r'),
(1948, 2241, '22', '5', '1', 'LAMAS\r'),
(1949, 2241, '22', '5', '2', 'ALONSO DE ALVARADO\r'),
(1950, 2241, '22', '5', '3', 'BARRANQUITA\r'),
(1951, 2241, '22', '5', '4', 'CAYNARACHI\r'),
(1952, 2241, '22', '5', '5', 'CU?UMBUQUI\r'),
(1953, 2241, '22', '5', '6', 'PINTO RECODO\r'),
(1954, 2241, '22', '5', '7', 'RUMISAPA\r'),
(1955, 2241, '22', '5', '8', 'SAN ROQUE DE CUMBAZA\r'),
(1956, 2241, '22', '5', '9', 'SHANAO\r'),
(1957, 2241, '22', '5', '10', 'TABALOSOS\r'),
(1958, 2241, '22', '5', '11', 'ZAPATERO\r'),
(1959, 2241, '22', '6', '1', 'JUANJUI\r'),
(1960, 2241, '22', '6', '2', 'CAMPANILLA\r'),
(1961, 2241, '22', '6', '3', 'HUICUNGO\r'),
(1962, 2241, '22', '6', '4', 'PACHIZA\r'),
(1963, 2241, '22', '6', '5', 'PAJARILLO\r'),
(1964, 2241, '22', '7', '1', 'PICOTA\r'),
(1965, 2241, '22', '7', '2', 'BUENOS AIRES\r'),
(1966, 2241, '22', '7', '3', 'CASPISAPA\r'),
(1967, 2241, '22', '7', '4', 'PILLUANA\r'),
(1968, 2241, '22', '7', '5', 'PUCACACA\r'),
(1969, 2241, '22', '7', '6', 'SAN CRISTOBAL\r'),
(1970, 2241, '22', '7', '7', 'SAN HILARION\r'),
(1971, 2241, '22', '7', '8', 'SHAMBOYACU\r'),
(1972, 2241, '22', '7', '9', 'TINGO DE PONASA\r'),
(1973, 2241, '22', '7', '10', 'TRES UNIDOS\r'),
(1974, 2241, '22', '8', '1', 'RIOJA\r'),
(1975, 2241, '22', '8', '2', 'AWAJUN\r'),
(1976, 2241, '22', '8', '3', 'ELIAS SOPLIN VARGAS\r'),
(1977, 2241, '22', '8', '4', 'NUEVA CAJAMARCA\r'),
(1978, 2241, '22', '8', '5', 'PARDO MIGUEL\r'),
(1979, 2241, '22', '8', '6', 'POSIC\r'),
(1980, 2241, '22', '8', '7', 'SAN FERNANDO\r'),
(1981, 2241, '22', '8', '8', 'YORONGOS\r'),
(1982, 2241, '22', '8', '9', 'YURACYACU\r'),
(1983, 2241, '22', '9', '1', 'TARAPOTO\r'),
(1984, 2241, '22', '9', '2', 'ALBERTO LEVEAU\r'),
(1985, 2241, '22', '9', '3', 'CACATACHI\r'),
(1986, 2241, '22', '9', '4', 'CHAZUTA\r'),
(1987, 2241, '22', '9', '5', 'CHIPURANA\r'),
(1988, 2241, '22', '9', '6', 'EL PORVENIR\r'),
(1989, 2241, '22', '9', '7', 'HUIMBAYOC\r'),
(1990, 2241, '22', '9', '8', 'JUAN GUERRA\r'),
(1991, 2241, '22', '9', '9', 'LA BANDA DE SHILCAYO\r'),
(1992, 2241, '22', '9', '10', 'MORALES\r'),
(1993, 2241, '22', '9', '11', 'PAPAPLAYA\r'),
(1994, 2241, '22', '9', '12', 'SAN ANTONIO\r'),
(1995, 2241, '22', '9', '13', 'SAUCE\r'),
(1996, 2241, '22', '9', '14', 'SHAPAJA\r'),
(1997, 2241, '22', '10', '1', 'TOCACHE\r'),
(1998, 2241, '22', '10', '2', 'NUEVO PROGRESO\r'),
(1999, 2241, '22', '10', '3', 'POLVORA\r'),
(2000, 2241, '22', '10', '4', 'SHUNTE\r'),
(2001, 2241, '22', '10', '5', 'UCHIZA\r'),
(2002, 2241, '23', '1', '1', 'TACNA\r'),
(2003, 2241, '23', '1', '2', 'ALTO DE LA ALIANZA\r'),
(2004, 2241, '23', '1', '3', 'CALANA\r'),
(2005, 2241, '23', '1', '4', 'CIUDAD NUEVA\r'),
(2006, 2241, '23', '1', '5', 'INCLAN\r'),
(2007, 2241, '23', '1', '6', 'PACHIA\r'),
(2008, 2241, '23', '1', '7', 'PALCA\r'),
(2009, 2241, '23', '1', '8', 'POCOLLAY\r'),
(2010, 2241, '23', '1', '9', 'SAMA\r'),
(2011, 2241, '23', '1', '10', 'CORONEL GREGORIO ALBARRACIN LANCHIPA\r'),
(2012, 2241, '23', '2', '1', 'CANDARAVE\r'),
(2013, 2241, '23', '2', '2', 'CAIRANI\r'),
(2014, 2241, '23', '2', '3', 'CAMILACA\r'),
(2015, 2241, '23', '2', '4', 'CURIBAYA\r'),
(2016, 2241, '23', '2', '5', 'HUANUARA\r'),
(2017, 2241, '23', '2', '6', 'QUILAHUANI\r'),
(2018, 2241, '23', '3', '1', 'LOCUMBA\r'),
(2019, 2241, '23', '3', '2', 'ILABAYA\r'),
(2020, 2241, '23', '3', '3', 'ITE\r'),
(2021, 2241, '23', '4', '1', 'TARATA\r'),
(2022, 2241, '23', '4', '2', 'HEROES ALBARRACIN\r'),
(2023, 2241, '23', '4', '3', 'ESTIQUE\r'),
(2024, 2241, '23', '4', '4', 'ESTIQUE-PAMPA\r'),
(2025, 2241, '23', '4', '5', 'SITAJARA\r'),
(2026, 2241, '23', '4', '6', 'SUSAPAYA\r'),
(2027, 2241, '23', '4', '7', 'TARUCACHI\r'),
(2028, 2241, '23', '4', '8', 'TICACO\r'),
(2029, 2241, '24', '1', '1', 'TUMBES\r'),
(2030, 2241, '24', '1', '2', 'CORRALES\r'),
(2031, 2241, '24', '1', '3', 'LA CRUZ\r'),
(2032, 2241, '24', '1', '4', 'PAMPAS DE HOSPITAL\r'),
(2033, 2241, '24', '1', '5', 'SAN JACINTO\r'),
(2034, 2241, '24', '1', '6', 'SAN JUAN DE LA VIRGEN\r'),
(2035, 2241, '24', '2', '1', 'ZORRITOS\r'),
(2036, 2241, '24', '2', '2', 'CASITAS\r'),
(2037, 2241, '24', '2', '3', 'CANOAS DE PUNTA SAL\r'),
(2038, 2241, '24', '3', '1', 'ZARUMILLA\r'),
(2039, 2241, '24', '3', '2', 'AGUAS VERDES\r'),
(2040, 2241, '24', '3', '3', 'MATAPALO\r'),
(2041, 2241, '24', '3', '4', 'PAPAYAL\r'),
(2042, 2241, '25', '1', '1', 'CALLERIA\r'),
(2043, 2241, '25', '1', '2', 'CAMPOVERDE\r'),
(2044, 2241, '25', '1', '3', 'IPARIA\r'),
(2045, 2241, '25', '1', '4', 'MASISEA\r'),
(2046, 2241, '25', '1', '5', 'YARINACOCHA\r'),
(2047, 2241, '25', '1', '6', 'NUEVA REQUENA\r'),
(2048, 2241, '25', '2', '1', 'RAYMONDI\r'),
(2049, 2241, '25', '2', '2', 'SEPAHUA\r'),
(2050, 2241, '25', '2', '3', 'TAHUANIA\r'),
(2051, 2241, '25', '2', '4', 'YURUA\r'),
(2052, 2241, '25', '3', '1', 'PADRE ABAD\r'),
(2053, 2241, '25', '3', '2', 'IRAZOLA\r'),
(2054, 2241, '25', '3', '3', 'CURIMANA\r'),
(2055, 2241, '25', '4', '1', 'PURUS\r'),
(2241, 0, '0', '0', '0', 'Peru');

-- --------------------------------------------------------

--
-- Table structure for table `usuario`
--

CREATE TABLE `usuario` (
  `nPerCodigo` int(11) NOT NULL,
  `cPerUsuCodigo` varchar(20) NOT NULL,
  `cPerUsuClave` varchar(20) NOT NULL,
  `nUsuEstado` int(1) NOT NULL,
  `hora` time NOT NULL
) ENGINE=MyISAM DEFAULT CHARSET=latin1;

--
-- Dumping data for table `usuario`
--

INSERT INTO `usuario` (`nPerCodigo`, `cPerUsuCodigo`, `cPerUsuClave`, `nUsuEstado`, `hora`) VALUES
(1, 'YURQUIZO', '@123456', 7, '00:00:00'),
(1722, 'CURQUIZO', '@12345', 7, '00:00:00'),
(1724, 'ELY', 'ELY123456', 7, '00:00:00');

--
-- Indexes for dumped tables
--

--
-- Indexes for table `bitacora`
--
ALTER TABLE `bitacora`
  ADD PRIMARY KEY (`id`);

--
-- Indexes for table `constante`
--
ALTER TABLE `constante`
  ADD PRIMARY KEY (`nConCodigo`);

--
-- Indexes for table `eventos`
--
ALTER TABLE `eventos`
  ADD PRIMARY KEY (`id`);

--
-- Indexes for table `noticia`
--
ALTER TABLE `noticia`
  ADD PRIMARY KEY (`id`);

--
-- Indexes for table `opcion`
--
ALTER TABLE `opcion`
  ADD PRIMARY KEY (`nOpCodigo`);

--
-- Indexes for table `opciones_generales`
--
ALTER TABLE `opciones_generales`
  ADD PRIMARY KEY (`nOpGeCodigo`);

--
-- Indexes for table `operacion`
--
ALTER TABLE `operacion`
  ADD PRIMARY KEY (`nOpeCodigo`);

--
-- Indexes for table `person`
--
ALTER TABLE `person`
  ADD PRIMARY KEY (`cdpersona`);

--
-- Indexes for table `persona`
--
ALTER TABLE `persona`
  ADD PRIMARY KEY (`nPerCodigo`),
  ADD KEY `cPerApellido` (`cPerApellido`);

--
-- Indexes for table `usuario`
--
ALTER TABLE `usuario`
  ADD PRIMARY KEY (`nPerCodigo`),
  ADD UNIQUE KEY `Usuario` (`cPerUsuCodigo`);

--
-- AUTO_INCREMENT for dumped tables
--

--
-- AUTO_INCREMENT for table `bitacora`
--
ALTER TABLE `bitacora`
  MODIFY `id` int(11) NOT NULL AUTO_INCREMENT, AUTO_INCREMENT=24473;

--
-- AUTO_INCREMENT for table `constante`
--
ALTER TABLE `constante`
  MODIFY `nConCodigo` int(11) NOT NULL AUTO_INCREMENT, AUTO_INCREMENT=50;

--
-- AUTO_INCREMENT for table `eventos`
--
ALTER TABLE `eventos`
  MODIFY `id` int(11) NOT NULL AUTO_INCREMENT, AUTO_INCREMENT=13;

--
-- AUTO_INCREMENT for table `noticia`
--
ALTER TABLE `noticia`
  MODIFY `id` int(11) NOT NULL AUTO_INCREMENT, AUTO_INCREMENT=3;

--
-- AUTO_INCREMENT for table `opcion`
--
ALTER TABLE `opcion`
  MODIFY `nOpCodigo` int(11) NOT NULL AUTO_INCREMENT, AUTO_INCREMENT=30;

--
-- AUTO_INCREMENT for table `opciones_generales`
--
ALTER TABLE `opciones_generales`
  MODIFY `nOpGeCodigo` int(11) NOT NULL AUTO_INCREMENT, AUTO_INCREMENT=30;

--
-- AUTO_INCREMENT for table `operacion`
--
ALTER TABLE `operacion`
  MODIFY `nOpeCodigo` int(11) NOT NULL AUTO_INCREMENT, AUTO_INCREMENT=15;

--
-- AUTO_INCREMENT for table `person`
--
ALTER TABLE `person`
  MODIFY `cdpersona` int(10) NOT NULL AUTO_INCREMENT, AUTO_INCREMENT=2;

--
-- AUTO_INCREMENT for table `persona`
--
ALTER TABLE `persona`
  MODIFY `nPerCodigo` int(11) NOT NULL AUTO_INCREMENT, AUTO_INCREMENT=1728;
COMMIT;

/*!40101 SET CHARACTER_SET_CLIENT=@OLD_CHARACTER_SET_CLIENT */;
/*!40101 SET CHARACTER_SET_RESULTS=@OLD_CHARACTER_SET_RESULTS */;
/*!40101 SET COLLATION_CONNECTION=@OLD_COLLATION_CONNECTION */;
